customer_id,address_valid_from,age_cat,gender,city,country
CU1053,2022-12-08,60+,male,Zurich,CH
CU0570,2018-05-14,50-59,male,Other,CH
CU2480,2009-10-10,60+,female,Zurich,CH
CU0428,2016-06-20,50-59,female,Zurich,CH
CU2473,2017-05-03,50-59,male,Other,CH
CU0141,2017-11-05,40-49,female,Zurich,CH
CU1432,2020-11-07,60+,female,Zurich,CH
CU0762,2020-03-05,30-39,female,Lausanne,CH
CU2474,2020-04-29,30-39,male,Zurich,CH
CU2582,2021-06-22,40-49,male,Zurich,CH
CU1121,2021-09-13,50-59,male,Zurich,CH
CU0965,2021-09-26,18-29,male,Zurich,CH
CU1327,2022-04-05,50-59,male,Zurich,CH
CU2437,2022-11-15,40-49,male,Zurich,CH
CU2271,2023-10-10,18-29,female,Lugano,CH
CU1623,2023-02-04,50-59,male,Zurich,CH
CU1851,2023-01-26,18-29,male,Zurich,CH
CU0055,2023-03-04,30-39,male,Zurich,CH
CU2514,2023-10-26,60+,male,Zurich,CH
CU1196,2023-10-10,50-59,male,Lucerne,CH
CU0009,2024-09-05,40-49,male,Other,CH
CU2172,2024-07-30,50-59,male,Zurich,CH
CU1666,2024-08-22,40-49,male,Zurich,CH
CU1631,2020-10-10,30-39,male,Zurich,CH
CU2375,2022-06-29,30-39,female,Zurich,CH
CU1438,2020-03-18,50-59,female,Basel,CH
CU0405,2020-03-21,50-59,female,Other,CH
CU2164,2024-07-01,60+,male,Other,CH
CU1284,2022-07-22,30-39,female,Zurich,CH
CU0174,2020-06-22,30-39,female,Lugano,CH
CU1029,2024-01-12,60+,male,Zurich,CH
CU2536,2021-02-18,40-49,female,Zurich,CH
CU1466,2020-05-24,60+,male,Zurich,CH
CU1473,2020-06-14,50-59,female,Other,CH
CU2520,2020-06-16,50-59,female,Zurich,CH
CU1674,2020-10-02,40-49,female,Lucerne,CH
CU2316,2020-06-11,40-49,male,Zurich,CH
CU2249,2020-06-22,60+,female,Bern,CH
CU2274,2020-07-09,60+,female,Other,CH
CU1879,2020-07-06,40-49,female,Lucerne,CH
CU1383,2020-07-20,60+,female,Zurich,CH
CU0891,2020-07-12,50-59,female,Bern,CH
CU2495,2020-06-23,30-39,female,Lucerne,CH
CU0507,2024-06-29,30-39,male,Zurich,CH
CU0901,2020-08-12,60+,female,Zurich,CH
CU1598,2020-06-01,50-59,male,Zurich,CH
CU0819,2020-07-02,60+,female,Zurich,CH
CU2337,2020-07-23,60+,male,Lugano,CH
CU1701,2020-07-09,60+,female,Other,CH
CU1800,2020-06-09,60+,female,Zurich,CH
CU0149,2022-08-29,50-59,female,Zurich,CH
CU0600,2020-07-11,60+,male,Zurich,CH
CU1514,2020-07-23,60+,male,Bern,CH
CU1039,2020-07-17,60+,female,Zurich,CH
CU0577,2020-08-02,60+,female,Zurich,CH
CU0916,2020-05-29,60+,male,Zurich,CH
CU1529,2020-06-07,60+,female,Zurich,CH
CU1947,2020-07-09,60+,female,Basel,CH
CU0690,2020-05-30,60+,female,Zurich,CH
CU1959,2020-07-25,50-59,female,Bern,CH
CU2127,2020-07-14,50-59,female,Other,CH
CU0132,2023-02-25,40-49,female,Zurich,CH
CU2539,2020-06-11,50-59,female,Zurich,CH
CU0663,2022-06-22,40-49,female,Winterthur,CH
CU1269,2022-07-11,30-39,female,Other,CH
CU0094,2020-06-27,60+,male,Winterthur,CH
CU2114,2020-07-31,50-59,female,Zurich,CH
CU0065,2022-06-16,50-59,female,Lausanne,CH
CU2513,2021-06-09,50-59,female,Zurich,CH
CU1480,2020-06-24,40-49,female,Other,CH
CU1784,2024-03-16,60+,female,Zurich,CH
CU2472,2020-08-28,60+,female,Winterthur,CH
CU2077,2020-06-27,50-59,female,Zurich,CH
CU1528,2020-07-21,60+,male,Zurich,CH
CU2232,2021-10-18,40-49,female,Zurich,CH
CU0860,2020-07-01,50-59,female,Other,CH
CU0172,2020-06-11,60+,female,Zurich,CH
CU1435,2020-06-20,60+,female,Zurich,CH
CU1460,2020-06-23,50-59,female,Other,CH
CU1605,2020-08-22,40-49,female,Zurich,CH
CU0820,2020-08-15,60+,female,Winterthur,CH
CU1814,2020-08-26,60+,female,Lausanne,CH
CU0303,2020-08-07,60+,male,Other,CH
CU1643,2020-11-15,30-39,male,Other,CH
CU0620,2020-08-14,50-59,female,Other,CH
CU0331,2020-07-24,60+,female,Winterthur,CH
CU0660,2020-08-25,60+,female,Zurich,CH
CU2410,2020-08-08,50-59,female,Zurich,CH
CU0184,2020-08-04,60+,female,Zurich,CH
CU1860,2020-08-28,40-49,female,Zurich,CH
CU1437,2021-06-16,50-59,female,Zurich,CH
CU2613,2020-07-04,60+,male,Bern,CH
CU2263,2020-09-10,60+,male,Other,CH
CU2347,2020-07-29,50-59,male,Winterthur,CH
CU0175,2020-07-19,60+,male,Winterthur,CH
CU0525,2020-07-19,40-49,female,Other,CH
CU0179,2022-04-09,50-59,male,Zurich,CH
CU1880,2020-08-06,30-39,female,Zurich,CH
CU2569,2020-07-12,60+,female,Bern,CH
CU0671,2020-06-16,30-39,female,Lucerne,CH
CU0426,2025-01-14,60+,female,Other,CH
CU0539,2020-08-19,40-49,male,Zurich,CH
CU1032,2023-11-12,50-59,female,Other,CH
CU1525,2020-07-22,40-49,female,Bern,CH
CU0034,2020-06-20,50-59,female,Zurich,CH
CU0691,2020-07-29,50-59,female,Zurich,CH
CU1983,2020-08-29,40-49,female,Zurich,CH
CU2055,2020-07-10,50-59,female,Bern,CH
CU0863,2020-09-11,40-49,female,Zurich,CH
CU0265,2023-10-15,50-59,female,Winterthur,CH
CU2161,2023-11-17,30-39,female,Zurich,CH
CU0612,2020-07-13,50-59,male,Other,CH
CU0476,2020-07-30,60+,female,Bern,CH
CU2392,2021-10-06,40-49,female,Lucerne,CH
CU2560,2020-09-11,60+,female,Zurich,CH
CU1299,2021-09-28,18-29,female,Zurich,CH
CU2126,2022-09-19,40-49,male,Lausanne,CH
CU1171,2020-06-26,50-59,female,Bern,CH
CU2179,2022-01-02,50-59,female,Zurich,CH
CU0220,2020-08-13,60+,female,Other,CH
CU1192,2020-09-21,50-59,female,Zurich,CH
CU1658,2020-09-10,60+,male,Other,CH
CU0349,2020-07-17,60+,female,Other,CH
CU0906,2024-08-08,30-39,female,Zurich,CH
CU1954,2020-09-09,40-49,female,Zurich,CH
CU0569,2022-01-08,50-59,female,Zurich,CH
CU0657,2020-07-24,40-49,female,Lucerne,CH
CU2272,2020-07-23,40-49,male,Zurich,CH
CU2157,2020-09-25,60+,female,Zurich,CH
CU0553,2020-09-27,60+,male,Bern,CH
CU0619,2020-07-01,50-59,male,Bern,CH
CU0388,2020-09-23,50-59,female,Zurich,CH
CU2049,2020-09-29,50-59,female,Lugano,CH
CU1202,2020-07-03,50-59,female,Other,CH
CU1981,2020-08-15,40-49,female,Zurich,CH
CU1107,2020-07-14,40-49,male,Other,CH
CU1465,2020-09-18,40-49,female,Other,CH
CU2262,2020-08-05,30-39,female,Lausanne,CH
CU0000,2020-07-29,50-59,female,Other,CH
CU0832,2024-07-08,30-39,female,Bern,CH
CU1037,2020-12-21,40-49,female,Basel,CH
CU0375,2020-09-14,40-49,female,Bern,CH
CU1476,2020-11-26,30-39,female,Zurich,CH
CU1376,2021-08-25,60+,female,Lausanne,CH
CU2447,2022-08-28,18-29,female,Lugano,CH
CU2468,2020-08-15,40-49,female,Zurich,CH
CU1825,2020-09-10,60+,female,Bern,CH
CU0215,2020-09-13,50-59,female,Bern,CH
CU1607,2020-07-29,40-49,male,Zurich,CH
CU2335,2022-06-27,60+,female,Bern,CH
CU0867,2022-09-20,60+,female,Other,CH
CU1491,2020-08-30,60+,female,Winterthur,CH
CU0111,2020-09-08,40-49,male,Zurich,CH
CU0253,2020-09-30,60+,female,Lausanne,CH
CU2076,2024-06-08,60+,female,Zurich,CH
CU0355,2023-01-09,30-39,male,Zurich,CH
CU1418,2020-09-03,40-49,female,Lucerne,CH
CU2203,2020-07-25,30-39,male,Lucerne,CH
CU2180,2020-09-13,60+,female,Other,CH
CU1000,2022-03-22,40-49,male,Zurich,CH
CU1970,2020-07-13,50-59,female,Zurich,CH
CU2531,2020-09-18,60+,female,Other,CH
CU0438,2020-09-03,40-49,female,Zurich,CH
CU1321,2020-08-25,50-59,female,Zurich,CH
CU2384,2021-05-16,50-59,female,Lucerne,CH
CU0641,2020-07-13,40-49,female,Winterthur,CH
CU0730,2020-08-27,50-59,female,Zurich,CH
CU2216,2020-08-03,40-49,female,Zurich,CH
CU2532,2023-08-25,60+,male,Bern,CH
CU0251,2023-10-10,50-59,male,Zurich,CH
CU1417,2020-09-05,40-49,female,Zurich,CH
CU1308,2020-08-02,50-59,female,Zurich,CH
CU2226,2020-09-09,60+,male,Lugano,CH
CU0944,2020-07-16,60+,female,Lucerne,CH
CU0915,2020-08-03,60+,female,Zurich,CH
CU1273,2020-07-20,40-49,female,Zurich,CH
CU1841,2020-10-12,50-59,female,Lucerne,CH
CU0317,2022-09-23,50-59,female,Zurich,CH
CU0348,2021-06-18,40-49,female,Lugano,CH
CU1251,2024-06-07,50-59,female,Other,CH
CU1845,2020-07-22,50-59,female,Zurich,CH
CU0021,2020-08-20,50-59,male,Zurich,CH
CU2453,2020-10-01,50-59,female,Lucerne,CH
CU0751,2020-09-13,50-59,female,Bern,CH
CU0999,2020-09-21,50-59,female,Lugano,CH
CU2553,2020-08-11,60+,male,Other,CH
CU2283,2020-09-11,40-49,female,Zurich,CH
CU2518,2020-09-01,40-49,female,Zurich,CH
CU2059,2020-08-18,60+,female,Other,CH
CU0170,2020-10-08,30-39,male,Other,CH
CU1097,2023-07-15,50-59,female,Lugano,CH
CU2290,2021-07-30,40-49,male,Zurich,CH
CU0100,2021-12-07,40-49,female,Zurich,CH
CU1025,2023-08-23,50-59,female,Other,CH
CU2160,2020-08-18,40-49,male,Zurich,CH
CU2177,2020-08-19,60+,male,Zurich,CH
CU1295,2020-08-03,50-59,male,Zurich,CH
CU1345,2020-09-13,50-59,female,Zurich,CH
CU1835,2020-10-20,60+,male,Zurich,CH
CU0719,2020-10-14,30-39,female,Lausanne,CH
CU0448,2020-09-22,50-59,male,Zurich,CH
CU0957,2020-09-20,40-49,female,Lugano,CH
CU1302,2020-08-13,60+,female,Bern,CH
CU0262,2020-10-02,50-59,male,Zurich,CH
CU0332,2020-07-26,60+,female,Zurich,CH
CU0786,2020-12-17,40-49,female,Basel,CH
CU0221,2020-09-04,40-49,male,Bern,CH
CU0306,2024-05-09,40-49,female,Zurich,CH
CU2450,2022-12-05,30-39,female,Zurich,CH
CU1068,2024-05-16,60+,female,Other,CH
CU2081,2021-06-07,60+,female,Zurich,CH
CU2058,2020-09-25,50-59,male,Bern,CH
CU1081,2020-08-01,60+,female,Other,CH
CU1246,2020-09-16,60+,male,Bern,CH
CU1052,2020-09-08,50-59,male,Zurich,CH
CU0260,2020-08-26,60+,male,Other,CH
CU2148,2022-10-24,40-49,female,Bern,CH
CU0831,2020-09-23,50-59,male,Zurich,CH
CU1026,2020-09-16,50-59,female,Lucerne,CH
CU2340,2022-06-13,30-39,female,Zurich,CH
CU0496,2020-10-25,60+,female,Lucerne,CH
CU1780,2022-11-28,30-39,female,Other,CH
CU0708,2020-08-10,60+,female,Zurich,CH
CU0359,2024-03-15,50-59,female,Zurich,CH
CU1092,2021-09-06,30-39,female,Lucerne,CH
CU0926,2020-10-01,60+,female,Lausanne,CH
CU0573,2020-09-14,60+,male,Other,CH
CU1488,2020-09-19,50-59,female,Lugano,CH
CU0377,2024-05-06,30-39,male,Other,CH
CU0164,2025-05-15,30-39,female,Other,CH
CU1923,2020-08-14,50-59,female,Zurich,CH
CU1482,2020-08-25,60+,female,Zurich,CH
CU0796,2021-05-13,60+,female,Zurich,CH
CU2492,2020-09-17,50-59,female,Zurich,CH
CU0511,2020-09-11,40-49,female,Zurich,CH
CU1405,2020-10-06,60+,female,Zurich,CH
CU1913,2020-09-12,50-59,male,Zurich,CH
CU1098,2020-08-26,60+,female,Zurich,CH
CU2456,2020-09-24,60+,female,Zurich,CH
CU1816,2020-08-09,60+,female,Lucerne,CH
CU1463,2020-09-06,60+,male,Zurich,CH
CU2078,2020-08-10,60+,female,Zurich,CH
CU1457,2020-09-12,60+,female,Lausanne,CH
CU1144,2020-10-28,60+,female,Other,CH
CU1209,2020-08-23,50-59,female,Zurich,CH
CU0414,2020-10-30,60+,female,Zurich,CH
CU2521,2020-08-15,60+,female,Zurich,CH
CU1298,2024-05-23,50-59,female,Other,CH
CU1294,2020-10-25,60+,female,Zurich,CH
CU0804,2020-10-05,60+,female,Zurich,CH
CU0143,2020-10-04,60+,female,Zurich,CH
CU1656,2020-10-29,60+,female,Lugano,CH
CU1440,2021-01-03,50-59,female,Zurich,CH
CU0718,2020-08-16,60+,male,Zurich,CH
CU1718,2020-10-10,40-49,female,Lucerne,CH
CU1044,2022-05-14,30-39,female,Zurich,CH
CU0846,2020-08-25,60+,female,Lausanne,CH
CU1281,2023-04-05,60+,male,Zurich,CH
CU0393,2020-11-12,50-59,female,Lucerne,CH
CU0982,2020-10-20,40-49,female,Zurich,CH
CU1522,2020-11-19,18-29,female,Other,CH
CU0822,2020-10-19,40-49,male,Zurich,CH
CU2158,2023-02-02,40-49,male,Zurich,CH
CU1084,2020-09-28,50-59,female,Zurich,CH
CU2615,2021-05-13,40-49,female,Zurich,CH
CU1865,2024-09-12,60+,male,Lugano,CH
CU1366,2024-09-29,50-59,female,Other,CH
CU0294,2020-10-24,60+,female,Zurich,CH
CU1546,2020-09-13,50-59,male,Lausanne,CH
CU0545,2020-09-20,60+,male,Zurich,CH
CU0972,2020-09-19,30-39,female,Lucerne,CH
CU2287,2023-01-06,40-49,female,Other,CH
CU1986,2020-10-19,60+,male,Zurich,CH
CU2445,2023-11-10,30-39,female,Lausanne,CH
CU1730,2024-12-19,18-29,female,Basel,CH
CU2371,2020-10-31,50-59,male,Lugano,CH
CU2252,2020-10-18,40-49,female,Zurich,CH
CU1541,2020-09-30,50-59,female,Zurich,CH
CU0853,2020-11-30,40-49,male,Zurich,CH
CU0321,2020-11-15,50-59,female,Other,CH
CU0626,2021-05-08,30-39,female,Zurich,CH
CU1018,2021-09-29,40-49,female,Zurich,CH
CU0381,2020-10-11,60+,female,Zurich,CH
CU1741,2020-10-14,18-29,male,Zurich,CH
CU1935,2020-11-15,50-59,female,Other,CH
CU0431,2022-05-17,30-39,female,Zurich,CH
CU1496,2025-03-10,30-39,male,Winterthur,CH
CU0662,2020-12-20,40-49,female,Bern,CH
CU0052,2020-12-19,60+,female,Zurich,CH
CU1046,2020-10-24,40-49,female,Other,CH
CU1560,2020-12-24,60+,male,Winterthur,CH
CU1707,2020-12-15,40-49,female,Lausanne,CH
CU0550,2020-11-27,60+,female,Zurich,CH
CU1609,2020-10-18,60+,female,Lucerne,CH
CU2493,2020-09-30,60+,male,Zurich,CH
CU2332,2020-12-26,50-59,male,Zurich,CH
CU1105,2020-11-18,60+,female,Bern,CH
CU1200,2022-06-08,30-39,female,Zurich,CH
CU2481,2022-12-17,50-59,female,Zurich,CH
CU1633,2023-09-03,40-49,male,Zurich,CH
CU0244,2021-05-07,60+,female,Winterthur,CH
CU0571,2024-10-18,50-59,female,Other,CH
CU1740,2021-05-22,40-49,male,Zurich,CH
CU1187,2023-05-08,50-59,female,Zurich,CH
CU0793,2022-06-13,30-39,male,Zurich,CH
CU0311,2021-07-29,40-49,male,Winterthur,CH
CU1370,2021-09-12,30-39,female,Zurich,CH
CU2005,2021-06-28,40-49,male,Zurich,CH
CU0313,2024-09-30,30-39,male,Lausanne,CH
CU2413,2021-11-05,50-59,male,Winterthur,CH
CU0772,2021-09-16,60+,male,Lugano,CH
CU2110,2021-12-21,40-49,female,Other,CH
CU1228,2021-10-13,18-29,female,Lucerne,CH
CU0522,2021-11-30,18-29,female,Other,CH
CU0685,2022-01-19,50-59,male,Bern,CH
CU0702,2022-03-12,50-59,female,Other,CH
CU1624,2022-06-23,18-29,female,Other,CH
CU0515,2022-04-18,40-49,female,Zurich,CH
CU0020,2025-04-16,40-49,female,Bern,CH
CU1008,2022-08-13,30-39,female,Other,CH
CU1342,2022-10-09,40-49,female,Zurich,CH
CU2241,2022-12-03,40-49,male,Zurich,CH
CU2151,2023-12-07,30-39,female,Bern,CH
CU1531,2024-10-12,18-29,male,Zurich,CH
CU2247,2023-09-30,60+,male,Lugano,CH
CU1495,2023-08-31,60+,male,Zurich,CH
CU1896,2023-12-02,30-39,female,Other,CH
CU0603,2024-03-11,30-39,female,Zurich,CH
CU2025,2024-01-26,40-49,male,Bern,CH
CU0234,2024-03-18,30-39,male,Zurich,CH
CU0041,2024-05-02,40-49,female,Zurich,CH
CU2601,2024-06-02,60+,female,Lausanne,CH
CU1219,2024-06-11,40-49,female,Lugano,CH
CU1867,2024-05-24,18-29,male,Zurich,CH
CU1649,2024-07-27,30-39,female,Other,CH
CU1951,2024-09-04,30-39,female,Zurich,CH
CU1532,2024-11-02,30-39,male,Zurich,CH
CU1837,2025-04-06,40-49,female,Zurich,CH
CU1692,2025-04-18,18-29,female,Zurich,CH
CU0665,2021-07-27,60+,female,Bern,CH
CU1839,2021-06-17,40-49,female,Zurich,CH
CU1011,2021-05-17,60+,male,Other,CH
CU0989,2022-08-12,40-49,male,Zurich,CH
CU1992,2021-07-12,60+,male,Zurich,CH
CU0670,2021-08-01,60+,male,Zurich,CH
CU2205,2021-07-26,40-49,male,Zurich,CH
CU1781,2021-06-03,50-59,male,Zurich,CH
CU2041,2021-06-19,60+,male,Other,CH
CU2181,2021-07-02,60+,male,Winterthur,CH
CU0753,2021-06-15,60+,male,Basel,CH
CU0798,2021-06-18,50-59,male,Other,CH
CU0005,2021-06-12,60+,female,Other,CH
CU2581,2021-11-27,50-59,female,Zurich,CH
CU2351,2009-04-27,50-59,male,Other,CH
CU2141,2019-09-18,50-59,male,Other,CH
CU1217,2017-12-27,30-39,male,Zurich,CH
CU0330,2019-11-02,18-29,male,Lucerne,CH
CU1240,2020-10-09,50-59,female,Zurich,CH
CU1955,2022-11-27,50-59,female,Zurich,CH
CU1568,2023-11-03,60+,male,Zurich,CH
CU0395,2024-05-20,18-29,female,Zurich,CH
CU1957,2021-07-25,30-39,male,Zurich,CH
CU1632,2023-07-26,40-49,male,Zurich,CH
CU0733,2019-05-15,60+,female,Zurich,CH
CU0302,2020-02-09,18-29,male,Zurich,CH
CU0210,2021-02-01,40-49,male,Zurich,CH
CU2589,2020-12-04,30-39,female,Zurich,CH
CU2549,2022-01-01,30-39,male,Zurich,CH
CU1789,2024-10-12,18-29,female,Other,CH
CU2345,2018-10-01,40-49,male,Zurich,CH
CU1773,2020-11-29,30-39,male,Other,CH
CU0207,2024-07-24,40-49,female,Zurich,CH
CU0942,2018-02-21,60+,male,Zurich,CH
CU2503,2020-06-28,30-39,male,Zurich,CH
CU1426,2024-08-15,18-29,male,Other,CH
CU1792,2021-01-31,50-59,female,Other,CH
CU1412,2021-03-20,60+,female,Zurich,CH
CU0139,2021-04-22,30-39,male,Zurich,CH
CU0225,2024-11-28,30-39,male,Zurich,CH
CU2117,2021-09-29,30-39,female,Zurich,CH
CU0587,2021-10-16,30-39,male,Zurich,CH
CU1700,2023-01-28,40-49,male,Zurich,CH
CU2269,2024-02-11,18-29,female,Bern,CH
CU0422,2024-10-27,50-59,male,Zurich,CH
CU1826,2015-02-18,50-59,male,Lucerne,CH
CU2631,2013-06-12,60+,male,Lausanne,CH
CU1174,2011-02-06,40-49,female,Zurich,CH
CU0924,2013-06-21,60+,female,Lugano,CH
CU0446,2023-04-02,40-49,female,Zurich,CH
CU0544,2022-02-28,60+,female,Other,CH
CU0451,2013-05-26,60+,male,Zurich,CH
CU1977,2019-03-03,60+,male,Other,CH
CU0006,2013-07-17,50-59,male,Zurich,CH
CU0995,2020-10-12,60+,male,Other,CH
CU0556,2019-06-07,40-49,male,Other,CH
CU0439,2014-06-19,60+,male,Basel,CH
CU1241,2020-04-10,30-39,male,Lausanne,CH
CU1223,2017-05-11,60+,male,Zurich,CH
CU1777,2010-04-29,50-59,male,Zurich,CH
CU0469,2014-05-26,60+,female,Zurich,CH
CU1117,2023-06-20,50-59,female,Zurich,CH
CU0621,2016-08-21,40-49,female,Bern,CH
CU2021,2024-12-01,50-59,male,Lucerne,CH
CU2552,2025-04-02,60+,male,Zurich,CH
CU1394,2024-10-02,40-49,male,Zurich,CH
CU0815,2024-11-15,50-59,male,Zurich,CH
CU1976,2022-05-03,30-39,male,Lucerne,CH
CU1229,2013-08-17,60+,female,Zurich,CH
CU2155,2021-12-27,40-49,male,Zurich,CH
CU1850,2018-08-21,40-49,female,Lugano,CH
CU0424,2013-03-18,60+,female,Other,CH
CU0063,2021-05-23,60+,female,Other,CH
CU0548,2024-05-29,50-59,male,Zurich,CH
CU2630,2005-01-01,60+,male,Bern,CH
CU1732,2023-10-16,60+,male,Zurich,CH
CU0492,2024-10-07,50-59,female,Bern,CH
CU0667,2024-11-06,50-59,female,Zurich,CH
CU2038,2019-12-04,40-49,male,Zurich,CH
CU1408,2024-11-29,40-49,male,Zurich,CH
CU2102,2020-02-13,60+,male,Zurich,CH
CU1558,2019-09-26,30-39,male,Zurich,CH
CU0593,2013-08-13,60+,female,Zurich,CH
CU1903,2010-07-07,40-49,male,Winterthur,CH
CU0115,2016-07-03,50-59,male,Zurich,CH
CU2500,2020-04-14,40-49,male,Zurich,CH
CU0130,2020-04-13,60+,female,Lucerne,CH
CU2009,2008-01-27,40-49,female,Other,CH
CU0807,2021-05-24,30-39,female,Zurich,CH
CU1621,2024-11-13,40-49,female,Zurich,CH
CU0859,2008-11-20,50-59,female,Zurich,CH
CU2227,2016-03-10,60+,male,Lugano,CH
CU1357,2023-12-30,50-59,female,Other,CH
CU2487,2022-08-25,50-59,male,Lugano,CH
CU1031,2017-02-19,60+,male,Winterthur,CH
CU1150,2009-09-20,50-59,male,Zurich,CH
CU0169,2024-02-02,40-49,male,Other,CH
CU0484,2024-02-02,40-49,male,Zurich,CH
CU1612,2010-03-02,60+,female,Zurich,CH
CU2207,2016-11-06,30-39,male,Zurich,CH
CU1287,2024-11-05,40-49,female,Zurich,CH
CU1907,2022-08-23,30-39,female,Lucerne,CH
CU1265,2019-12-31,50-59,male,Zurich,CH
CU1594,2022-04-14,30-39,male,Zurich,CH
CU0764,2013-12-10,40-49,male,Zurich,CH
CU1587,2016-11-21,30-39,female,Other,CH
CU0211,2012-08-30,60+,male,Other,CH
CU0138,2012-10-25,50-59,female,Zurich,CH
CU1734,2015-10-14,50-59,female,Other,CH
CU1772,2013-02-03,50-59,male,Lausanne,CH
CU1152,2024-07-16,50-59,female,Zurich,CH
CU1402,2013-06-08,60+,male,Zurich,CH
CU2163,2013-06-18,60+,female,Zurich,CH
CU1900,2014-11-19,60+,male,Other,CH
CU2097,2024-06-22,30-39,female,Zurich,CH
CU2082,2020-12-04,40-49,male,Zurich,CH
CU0760,2024-10-17,30-39,male,Bern,CH
CU2551,2017-12-31,30-39,female,Zurich,CH
CU0594,2024-10-02,30-39,male,Zurich,CH
CU1245,2023-05-07,30-39,female,Zurich,CH
CU1889,2020-03-11,60+,female,Lucerne,CH
CU0158,2018-10-25,30-39,male,Lugano,CH
CU2534,2014-10-26,60+,female,Lausanne,CH
CU0007,2014-11-30,30-39,male,Lugano,CH
CU1849,2015-02-02,60+,male,Zurich,CH
CU2580,2020-11-11,30-39,male,Other,CH
CU1083,2015-09-03,40-49,male,Zurich,CH
CU2312,2021-10-19,30-39,female,Zurich,CH
CU0256,2018-10-09,40-49,male,Other,CH
CU0334,2019-11-07,40-49,male,Other,CH
CU0360,2024-02-14,60+,female,Zurich,CH
CU1244,2015-12-12,50-59,male,Other,CH
CU0964,2016-02-04,50-59,male,Lucerne,CH
CU0584,2024-10-29,40-49,female,Bern,CH
CU1705,2016-02-20,60+,male,Zurich,CH
CU0693,2016-02-22,50-59,male,Zurich,CH
CU0645,2019-03-18,30-39,male,Zurich,CH
CU1164,2021-07-15,18-29,female,Zurich,CH
CU1414,2019-10-27,60+,male,Bern,CH
CU0731,2016-05-19,40-49,male,Zurich,CH
CU1961,2023-05-15,30-39,male,Zurich,CH
CU0029,2021-05-22,40-49,female,Lucerne,CH
CU0592,2016-05-19,50-59,female,Winterthur,CH
CU2083,2024-03-19,18-29,male,Lausanne,CH
CU1969,2023-06-29,18-29,male,Zurich,CH
CU1459,2024-10-07,30-39,male,Zurich,CH
CU0217,2021-03-25,40-49,male,Lucerne,CH
CU0683,2016-07-18,60+,male,Other,CH
CU2398,2017-10-25,50-59,male,Zurich,CH
CU1739,2024-02-20,18-29,female,Other,CH
CU2175,2023-11-30,40-49,male,Bern,CH
CU0962,2016-10-13,30-39,female,Lausanne,CH
CU0079,2022-10-15,30-39,male,Zurich,CH
CU0784,2024-10-07,30-39,female,Lausanne,CH
CU1997,2024-10-20,30-39,female,Zurich,CH
CU1139,2018-06-24,30-39,male,Lucerne,CH
CU2165,2019-01-08,60+,male,Zurich,CH
CU2407,2016-11-04,40-49,male,Bern,CH
CU0247,2016-09-30,18-29,male,Zurich,CH
CU1540,2023-11-25,40-49,female,Zurich,CH
CU2053,2023-10-15,30-39,male,Bern,CH
CU2086,2022-04-16,30-39,female,Zurich,CH
CU0583,2024-10-30,50-59,female,Lugano,CH
CU0248,2020-03-11,30-39,male,Zurich,CH
CU2457,2020-11-18,40-49,male,Zurich,CH
CU0289,2018-10-22,40-49,female,Zurich,CH
CU1722,2016-12-05,50-59,female,Zurich,CH
CU0297,2017-02-28,50-59,female,Bern,CH
CU0434,2024-10-04,50-59,female,Lausanne,CH
CU2372,2019-07-27,40-49,female,Zurich,CH
CU0978,2021-07-27,30-39,female,Zurich,CH
CU2323,2016-12-23,50-59,male,Zurich,CH
CU2404,2023-05-17,60+,male,Zurich,CH
CU0061,2024-07-17,50-59,female,Bern,CH
CU0951,2022-11-08,30-39,male,Lugano,CH
CU2364,2024-07-28,30-39,female,Bern,CH
CU1003,2024-10-14,50-59,female,Zurich,CH
CU0457,2023-07-26,50-59,female,Zurich,CH
CU0177,2021-02-12,18-29,male,Zurich,CH
CU0907,2022-04-18,18-29,male,Bern,CH
CU1015,2017-03-15,50-59,female,Zurich,CH
CU2511,2017-05-18,40-49,female,Bern,CH
CU2282,2023-02-14,30-39,male,Zurich,CH
CU1446,2025-01-06,18-29,male,Zurich,CH
CU0155,2018-07-09,50-59,male,Zurich,CH
CU0537,2017-03-18,60+,male,Winterthur,CH
CU2140,2024-03-25,30-39,female,Zurich,CH
CU1310,2019-11-11,30-39,female,Zurich,CH
CU1301,2017-05-10,50-59,male,Zurich,CH
CU2604,2022-01-12,50-59,female,Other,CH
CU0754,2024-01-12,40-49,male,Other,CH
CU0870,2024-06-03,30-39,male,Other,CH
CU1391,2017-08-04,30-39,male,Zurich,CH
CU0437,2024-10-21,30-39,female,Lucerne,CH
CU2349,2017-10-28,50-59,female,Zurich,CH
CU0949,2018-08-27,18-29,male,Zurich,CH
CU1592,2022-08-10,18-29,female,Zurich,CH
CU2229,2024-09-05,30-39,female,Zurich,CH
CU1215,2022-08-11,30-39,male,Lausanne,CH
CU2612,2017-08-22,30-39,female,Zurich,CH
CU2509,2022-06-20,18-29,male,Other,CH
CU1552,2024-11-07,18-29,male,Zurich,CH
CU0843,2017-08-11,50-59,female,Zurich,CH
CU0406,2024-06-03,18-29,female,Lausanne,CH
CU2600,2019-01-14,30-39,female,Lugano,CH
CU1421,2024-08-28,30-39,female,Zurich,CH
CU1072,2024-01-05,60+,female,Other,CH
CU1285,2017-10-16,50-59,male,Other,CH
CU1326,2022-01-12,30-39,male,Zurich,CH
CU1917,2022-03-12,18-29,female,Bern,CH
CU1498,2022-09-21,30-39,female,Lucerne,CH
CU2307,2017-12-18,18-29,male,Zurich,CH
CU0627,2017-12-18,50-59,male,Other,CH
CU0337,2017-11-02,50-59,female,Lucerne,CH
CU2219,2018-05-29,40-49,male,Zurich,CH
CU1797,2018-01-18,50-59,female,Other,CH
CU1533,2020-02-19,60+,male,Zurich,CH
CU1842,2017-12-17,40-49,male,Zurich,CH
CU0688,2017-12-29,60+,male,Zurich,CH
CU1727,2017-11-29,30-39,male,Zurich,CH
CU0464,2020-04-30,50-59,male,Zurich,CH
CU2197,2022-12-31,18-29,female,Zurich,CH
CU2522,2021-05-28,30-39,male,Other,CH
CU1774,2018-02-10,60+,female,Zurich,CH
CU0485,2018-01-13,60+,male,Zurich,CH
CU2396,2020-10-22,18-29,male,Zurich,CH
CU2572,2018-01-19,60+,male,Zurich,CH
CU0565,2022-08-07,50-59,male,Zurich,CH
CU0909,2021-03-16,30-39,female,Bern,CH
CU2204,2018-04-19,30-39,male,Zurich,CH
CU0845,2022-12-10,40-49,male,Zurich,CH
CU1019,2024-11-23,18-29,female,Bern,CH
CU1573,2020-12-29,40-49,male,Zurich,CH
CU1409,2018-05-18,60+,female,Zurich,CH
CU1138,2018-05-22,50-59,female,Bern,CH
CU1678,2018-03-31,40-49,male,Other,CH
CU0558,2018-06-11,60+,male,Zurich,CH
CU0121,2024-09-27,18-29,male,Zurich,CH
CU2353,2024-09-12,50-59,male,Zurich,CH
CU1536,2018-05-13,18-29,female,Winterthur,CH
CU2178,2018-05-16,60+,female,Other,CH
CU0162,2018-05-09,50-59,female,Zurich,CH
CU0961,2018-07-11,60+,female,Other,CH
CU1650,2018-08-18,60+,male,Other,CH
CU2277,2018-08-03,18-29,female,Zurich,CH
CU0644,2018-07-05,60+,male,Zurich,CH
CU1080,2024-03-23,60+,male,Zurich,CH
CU2558,2024-10-11,18-29,female,Zurich,CH
CU0919,2023-08-02,50-59,male,Bern,CH
CU2444,2020-09-02,40-49,male,Zurich,CH
CU1351,2022-11-19,40-49,female,Other,CH
CU1599,2018-09-29,60+,female,Lugano,CH
CU0527,2021-03-06,30-39,male,Zurich,CH
CU1697,2022-03-27,30-39,female,Zurich,CH
CU0272,2018-08-23,40-49,female,Zurich,CH
CU1380,2018-10-07,18-29,female,Zurich,CH
CU0180,2024-07-17,30-39,male,Zurich,CH
CU0019,2020-05-15,50-59,female,Lucerne,CH
CU0134,2024-09-25,30-39,male,Zurich,CH
CU0161,2019-01-19,30-39,male,Zurich,CH
CU1642,2018-10-18,40-49,male,Zurich,CH
CU0402,2024-12-04,40-49,female,Zurich,CH
CU1762,2018-10-25,40-49,male,Zurich,CH
CU2546,2024-11-29,40-49,male,Zurich,CH
CU1027,2024-06-29,30-39,female,Zurich,CH
CU0430,2020-10-03,30-39,female,Zurich,CH
CU1683,2024-01-18,30-39,male,Zurich,CH
CU1324,2024-01-12,50-59,male,Zurich,CH
CU1214,2025-04-12,30-39,male,Zurich,CH
CU2238,2024-06-19,40-49,male,Zurich,CH
CU1360,2022-08-23,18-29,female,Lucerne,CH
CU0119,2018-11-24,40-49,male,Lucerne,CH
CU0373,2019-01-10,50-59,female,Lugano,CH
CU1322,2018-12-12,40-49,male,Zurich,CH
CU1481,2020-11-08,30-39,male,Zurich,CH
CU0449,2021-10-18,18-29,male,Lausanne,CH
CU1652,2020-10-28,18-29,male,Other,CH
CU0510,2024-12-13,60+,male,Zurich,CH
CU0534,2019-03-24,60+,male,Lausanne,CH
CU0988,2024-07-22,60+,male,Zurich,CH
CU1149,2024-09-19,30-39,male,Lucerne,CH
CU2120,2019-05-16,18-29,male,Zurich,CH
CU0509,2019-03-13,30-39,female,Zurich,CH
CU1235,2019-03-30,40-49,female,Lucerne,CH
CU1962,2022-04-10,50-59,male,Zurich,CH
CU0696,2019-05-01,40-49,female,Zurich,CH
CU1407,2023-01-20,18-29,male,Zurich,CH
CU2281,2019-05-11,60+,male,Zurich,CH
CU2091,2022-12-04,50-59,male,Zurich,CH
CU0826,2024-12-16,18-29,female,Winterthur,CH
CU1101,2019-07-19,60+,female,Zurich,CH
CU1336,2019-06-21,50-59,female,Zurich,CH
CU2406,2024-11-15,40-49,male,Bern,CH
CU1061,2023-11-04,18-29,female,Zurich,CH
CU2168,2019-07-15,50-59,male,Zurich,CH
CU1147,2019-07-19,18-29,male,Zurich,CH
CU2583,2020-04-15,30-39,male,Zurich,CH
CU1371,2019-07-30,60+,male,Zurich,CH
CU0023,2023-06-28,18-29,male,Zurich,CH
CU0833,2020-06-21,50-59,male,Other,CH
CU0864,2020-07-31,50-59,female,Zurich,CH
CU0095,2021-10-29,18-29,female,Winterthur,CH
CU0638,2019-10-21,50-59,female,Zurich,CH
CU2002,2024-11-01,60+,male,Zurich,CH
CU1651,2021-09-25,18-29,male,Bern,CH
CU2016,2023-08-07,40-49,female,Zurich,CH
CU2478,2022-09-11,30-39,male,Zurich,CH
CU2544,2019-09-17,50-59,female,Lausanne,CH
CU2237,2024-04-30,30-39,male,Other,CH
CU1413,2023-12-19,18-29,female,Zurich,CH
CU0729,2022-10-19,18-29,female,Bern,CH
CU1936,2019-12-18,50-59,male,Zurich,CH
CU0197,2019-12-18,18-29,male,Zurich,CH
CU0487,2021-04-01,50-59,male,Winterthur,CH
CU2191,2019-12-01,40-49,male,Lucerne,CH
CU0613,2023-03-17,18-29,female,Bern,CH
CU1361,2019-12-30,40-49,male,Zurich,CH
CU0599,2024-01-08,40-49,male,Lucerne,CH
CU0461,2020-02-06,50-59,female,Zurich,CH
CU0712,2020-06-04,40-49,male,Lucerne,CH
CU0932,2022-10-02,30-39,female,Zurich,CH
CU1207,2024-07-08,30-39,male,Zurich,CH
CU1201,2022-05-19,50-59,female,Zurich,CH
CU0110,2020-01-16,50-59,male,Lausanne,CH
CU0703,2023-06-19,30-39,female,Zurich,CH
CU1767,2023-02-13,60+,male,Bern,CH
CU1868,2024-10-06,18-29,male,Zurich,CH
CU2220,2021-05-12,60+,male,Other,CH
CU0700,2020-05-03,60+,female,Zurich,CH
CU2618,2020-07-18,40-49,female,Zurich,CH
CU1033,2021-12-02,60+,female,Other,CH
CU1502,2023-02-23,30-39,female,Zurich,CH
CU1479,2021-08-03,30-39,female,Lugano,CH
CU0091,2020-05-11,18-29,female,Other,CH
CU1963,2021-05-27,30-39,female,Zurich,CH
CU0869,2024-01-29,30-39,female,Lucerne,CH
CU1319,2020-05-31,50-59,female,Zurich,CH
CU2574,2021-04-28,30-39,male,Zurich,CH
CU2623,2020-07-19,50-59,male,Lucerne,CH
CU1315,2024-01-31,60+,male,Zurich,CH
CU0137,2020-06-18,18-29,female,Zurich,CH
CU2142,2024-09-19,30-39,female,Other,CH
CU0672,2024-09-21,60+,female,Zurich,CH
CU2449,2024-10-19,30-39,male,Zurich,CH
CU0622,2020-08-16,18-29,female,Zurich,CH
CU0223,2020-09-04,60+,male,Bern,CH
CU1160,2020-09-08,30-39,male,Zurich,CH
CU1058,2020-09-07,30-39,female,Zurich,CH
CU2119,2020-10-02,60+,male,Zurich,CH
CU1999,2024-10-22,18-29,male,Zurich,CH
CU1254,2020-09-09,40-49,female,Other,CH
CU1099,2021-01-19,40-49,male,Lausanne,CH
CU1677,2022-09-29,30-39,male,Zurich,CH
CU1509,2024-09-12,18-29,female,Zurich,CH
CU0035,2020-10-18,18-29,female,Zurich,CH
CU2019,2024-09-26,60+,male,Zurich,CH
CU0153,2020-09-16,60+,female,Bern,CH
CU2255,2020-10-01,18-29,female,Zurich,CH
CU1575,2020-12-06,30-39,male,Zurich,CH
CU1159,2020-10-14,40-49,male,Zurich,CH
CU0609,2020-10-02,18-29,female,Zurich,CH
CU2154,2024-06-19,60+,male,Other,CH
CU2374,2020-10-23,60+,male,Lucerne,CH
CU0479,2024-12-08,30-39,male,Zurich,CH
CU1637,2024-11-27,18-29,male,Zurich,CH
CU2080,2024-08-03,30-39,male,Zurich,CH
CU0500,2021-01-11,18-29,female,Other,CH
CU2499,2021-01-07,50-59,male,Other,CH
CU0419,2020-12-31,60+,male,Zurich,CH
CU2147,2021-01-11,60+,male,Zurich,CH
CU2011,2021-04-30,40-49,male,Zurich,CH
CU1078,2021-10-01,40-49,female,Zurich,CH
CU2315,2021-01-03,30-39,male,Zurich,CH
CU1124,2024-04-01,18-29,female,Lausanne,CH
CU1585,2021-02-14,18-29,male,Other,CH
CU0881,2021-02-03,18-29,female,Zurich,CH
CU0631,2022-03-18,50-59,female,Zurich,CH
CU1520,2024-09-13,30-39,female,Zurich,CH
CU1563,2024-11-02,40-49,male,Zurich,CH
CU0230,2023-07-20,50-59,female,Zurich,CH
CU0765,2021-12-01,30-39,female,Other,CH
CU1190,2021-03-17,18-29,male,Zurich,CH
CU2597,2021-04-27,50-59,male,Other,CH
CU0004,2021-04-10,30-39,female,Zurich,CH
CU1714,2022-03-18,40-49,male,Other,CH
CU0186,2021-03-23,40-49,male,Zurich,CH
CU0773,2021-03-26,60+,female,Zurich,CH
CU0259,2021-06-07,30-39,female,Other,CH
CU0258,2021-04-25,50-59,male,Zurich,CH
CU1534,2021-06-01,30-39,female,Lausanne,CH
CU0601,2021-05-17,60+,female,Zurich,CH
CU0458,2024-11-11,40-49,female,Zurich,CH
CU1456,2024-05-13,60+,male,Winterthur,CH
CU0835,2021-05-15,60+,female,Zurich,CH
CU0400,2021-05-11,50-59,male,Other,CH
CU1423,2021-08-17,50-59,female,Other,CH
CU2075,2021-08-21,30-39,female,Winterthur,CH
CU2479,2024-12-07,60+,female,Zurich,CH
CU1916,2021-07-03,18-29,female,Zurich,CH
CU2627,2021-07-23,18-29,male,Lugano,CH
CU2357,2023-10-23,18-29,female,Other,CH
CU1260,2024-09-03,30-39,male,Other,CH
CU1378,2024-09-12,18-29,female,Lucerne,CH
CU1914,2023-01-06,30-39,male,Zurich,CH
CU0060,2022-11-30,50-59,male,Other,CH
CU1337,2021-10-01,18-29,female,Zurich,CH
CU0378,2021-12-23,30-39,male,Zurich,CH
CU0109,2024-09-12,40-49,male,Zurich,CH
CU0192,2022-01-04,60+,female,Zurich,CH
CU1971,2021-11-05,50-59,male,Zurich,CH
CU0122,2021-11-17,50-59,female,Zurich,CH
CU1343,2022-12-16,18-29,male,Lausanne,CH
CU1464,2022-11-07,50-59,female,Zurich,CH
CU1768,2024-11-07,18-29,female,Zurich,CH
CU0646,2022-02-19,18-29,male,Zurich,CH
CU0547,2025-03-09,40-49,male,Zurich,CH
CU1133,2022-03-03,50-59,male,Zurich,CH
CU2421,2024-10-15,50-59,female,Bern,CH
CU1668,2022-06-16,40-49,male,Zurich,CH
CU0717,2022-01-24,30-39,female,Zurich,CH
CU0855,2022-04-13,50-59,female,Lucerne,CH
CU1925,2022-03-12,30-39,female,Zurich,CH
CU2587,2022-05-03,60+,female,Bern,CH
CU1897,2022-04-05,40-49,male,Other,CH
CU0421,2023-05-06,30-39,male,Lucerne,CH
CU1507,2024-09-22,40-49,male,Bern,CH
CU0011,2022-05-23,60+,male,Zurich,CH
CU2052,2022-05-26,30-39,male,Zurich,CH
CU2136,2022-06-24,40-49,female,Zurich,CH
CU0966,2022-05-15,30-39,male,Zurich,CH
CU0284,2024-10-28,18-29,male,Zurich,CH
CU0585,2022-07-15,18-29,male,Lugano,CH
CU1737,2025-06-08,30-39,female,Zurich,CH
CU2426,2022-07-19,50-59,male,Zurich,CH
CU1794,2022-10-08,18-29,male,Other,CH
CU2153,2023-04-11,60+,male,Zurich,CH
CU2200,2022-09-22,18-29,female,Bern,CH
CU2459,2022-10-20,18-29,male,Other,CH
CU1746,2022-09-11,60+,male,Lucerne,CH
CU1470,2022-11-20,50-59,male,Winterthur,CH
CU0090,2022-11-18,30-39,male,Other,CH
CU0124,2024-05-16,40-49,female,Zurich,CH
CU1578,2023-12-15,30-39,male,Zurich,CH
CU0947,2024-12-01,40-49,female,Zurich,CH
CU0802,2022-10-07,30-39,female,Lausanne,CH
CU0834,2024-11-14,18-29,male,Zurich,CH
CU1447,2022-12-01,60+,female,Zurich,CH
CU0945,2022-10-27,60+,male,Zurich,CH
CU0799,2022-12-02,60+,female,Zurich,CH
CU1291,2022-11-05,60+,male,Zurich,CH
CU0482,2023-02-04,18-29,male,Zurich,CH
CU2494,2022-12-10,60+,female,Zurich,CH
CU1486,2023-01-26,60+,male,Zurich,CH
CU0391,2023-01-01,30-39,male,Lausanne,CH
CU1373,2023-01-23,30-39,male,Bern,CH
CU1323,2024-06-08,30-39,male,Lucerne,CH
CU0904,2023-01-08,18-29,male,Lausanne,CH
CU1926,2023-01-27,30-39,female,Zurich,CH
CU1277,2023-02-25,30-39,female,Zurich,CH
CU0474,2023-04-10,50-59,female,Lucerne,CH
CU1681,2023-04-09,50-59,male,Zurich,CH
CU2516,2023-04-28,40-49,male,Other,CH
CU2027,2023-04-02,60+,male,Zurich,CH
CU0852,2023-07-10,30-39,female,Zurich,CH
CU2132,2023-06-18,60+,female,Lugano,CH
CU2458,2023-04-04,40-49,female,Zurich,CH
CU2276,2023-05-02,30-39,female,Zurich,CH
CU0602,2024-02-23,18-29,female,Zurich,CH
CU2490,2023-06-25,18-29,male,Zurich,CH
CU1472,2024-05-17,18-29,female,Lausanne,CH
CU2029,2023-08-11,40-49,female,Lucerne,CH
CU1375,2023-08-19,18-29,female,Zurich,CH
CU0557,2024-02-21,40-49,male,Lausanne,CH
CU1750,2023-09-06,40-49,male,Other,CH
CU1041,2023-08-28,50-59,male,Zurich,CH
CU1763,2023-09-13,40-49,female,Zurich,CH
CU2400,2023-12-05,18-29,male,Zurich,CH
CU1349,2023-09-26,18-29,female,Other,CH
CU0308,2024-10-24,40-49,male,Zurich,CH
CU2074,2023-11-14,60+,male,Other,CH
CU2451,2023-11-12,40-49,female,Zurich,CH
CU0105,2023-11-05,18-29,female,Bern,CH
CU2626,2024-01-13,30-39,male,Zurich,CH
CU1177,2024-09-25,30-39,male,Zurich,CH
CU1458,2024-02-24,60+,female,Zurich,CH
CU2486,2024-03-12,18-29,male,Winterthur,CH
CU1931,2024-03-14,50-59,female,Zurich,CH
CU1205,2024-04-05,18-29,female,Zurich,CH
CU2291,2024-06-05,40-49,male,Zurich,CH
CU1189,2024-04-20,18-29,male,Other,CH
CU1543,2024-04-23,50-59,male,Zurich,CH
CU2528,2024-04-12,40-49,male,Zurich,CH
CU2072,2024-10-24,30-39,female,Zurich,CH
CU2070,2024-05-31,50-59,male,Zurich,CH
CU0781,2024-06-21,30-39,male,Lucerne,CH
CU2212,2025-01-11,30-39,male,Zurich,CH
CU1022,2024-06-22,50-59,female,Zurich,CH
CU1545,2024-05-19,18-29,female,Zurich,CH
CU1443,2025-02-21,40-49,female,Zurich,CH
CU1629,2024-06-14,30-39,male,Other,CH
CU0398,2024-08-23,30-39,male,Lausanne,CH
CU0032,2024-07-23,50-59,male,Bern,CH
CU1600,2024-06-02,60+,male,Other,CH
CU0886,2024-06-02,60+,,Zurich,CH
CU2116,2024-06-24,18-29,female,Zurich,CH
CU0310,2024-07-15,18-29,male,Zurich,CH
CU1063,2024-08-21,50-59,male,Zurich,CH
CU1469,2024-09-24,40-49,male,Zurich,CH
CU1264,2024-12-08,40-49,female,Zurich,CH
CU0315,2024-11-15,30-39,female,Zurich,CH
CU2394,2024-10-18,50-59,female,Bern,CH
CU1154,2024-10-03,50-59,female,Zurich,CH
CU1937,2024-09-25,18-29,male,Zurich,CH
CU1888,2024-10-30,18-29,female,Lugano,CH
CU2294,2024-10-17,40-49,male,Zurich,CH
CU0723,2024-10-18,30-39,male,Zurich,CH
CU1051,2024-09-29,30-39,male,Zurich,CH
CU2314,2024-11-25,18-29,female,Zurich,CH
CU0854,2024-12-04,18-29,male,Lugano,CH
CU0222,2025-01-03,40-49,male,Lucerne,CH
CU0283,2025-02-12,30-39,female,Zurich,CH
CU0605,2024-12-12,50-59,female,Zurich,CH
CU1822,2024-12-19,30-39,female,Zurich,CH
CU1211,2024-12-20,30-39,male,Zurich,CH
CU0666,2025-02-15,18-29,female,Zurich,CH
CU2565,2025-02-01,40-49,female,Zurich,CH
CU0739,2025-02-13,18-29,male,Zurich,CH
CU0983,2024-12-15,50-59,male,Lucerne,CH
CU0218,2025-02-14,60+,female,Winterthur,CH
CU0880,2024-12-28,50-59,male,Zurich,CH
CU2573,2025-02-16,18-29,male,Zurich,CH
CU0103,2025-01-26,60+,male,Zurich,CH
CU1135,2025-01-30,18-29,male,Lausanne,CH
CU1352,2025-02-10,18-29,male,Zurich,CH
CU0022,2025-04-18,40-49,female,Zurich,CH
CU2354,2025-02-14,60+,male,Other,CH
CU0085,2025-04-10,60+,female,Zurich,CH
CU2056,2025-05-23,30-39,male,Lucerne,CH
CU0967,2025-04-18,60+,male,Zurich,CH
CU0275,2025-04-19,50-59,female,Zurich,CH
CU0159,2015-04-21,50-59,female,Zurich,CH
CU0182,2022-03-21,50-59,female,Lugano,CH
CU2264,2025-05-21,40-49,male,Other,CH
CU1384,2019-10-20,60+,male,Zurich,CH
CU0532,2006-11-14,60+,male,Zurich,CH
CU0309,2023-07-12,60+,female,Lausanne,CH
CU0771,2022-12-12,40-49,male,Zurich,CH
CU0979,2022-01-27,40-49,female,Zurich,CH
CU2171,2018-03-23,50-59,male,Zurich,CH
CU2032,2015-09-17,60+,female,Zurich,CH
CU0686,2023-10-19,40-49,female,Zurich,CH
CU1487,2025-01-22,60+,male,Zurich,CH
CU1064,2024-08-07,40-49,male,Other,CH
CU1137,2010-09-19,60+,female,Zurich,CH
CU0629,2023-09-20,30-39,male,Zurich,CH
CU0409,2011-07-09,50-59,male,Zurich,CH
CU0812,2013-12-13,40-49,female,Zurich,CH
CU1817,2023-11-19,30-39,male,Other,CH
CU1738,2025-02-07,30-39,male,Lugano,CH
CU2045,2016-02-02,50-59,male,Zurich,CH
CU2555,2023-07-28,30-39,male,Lausanne,CH
CU1815,2016-02-09,50-59,male,Zurich,CH
CU1293,2024-11-28,30-39,male,Lucerne,CH
CU0463,2024-03-23,30-39,female,Bern,CH
CU0938,2016-09-30,18-29,female,Zurich,CH
CU1390,2016-03-12,30-39,female,Zurich,CH
CU0514,2023-08-20,30-39,female,Zurich,CH
CU2381,2017-06-17,50-59,male,Lucerne,CH
CU1236,2016-03-16,30-39,male,Zurich,CH
CU0113,2020-05-03,30-39,female,Other,CH
CU2508,2021-08-31,30-39,male,Zurich,CH
CU1158,2016-04-20,40-49,male,Zurich,CH
CU0335,2016-06-16,50-59,female,Zurich,CH
CU0656,2016-05-05,60+,male,Bern,CH
CU1919,2016-06-03,40-49,male,Other,CH
CU0929,2016-06-25,40-49,male,Zurich,CH
CU1872,2021-05-07,60+,female,Zurich,CH
CU0740,2021-04-11,30-39,female,Zurich,CH
CU2084,2023-09-22,30-39,female,Bern,CH
CU2541,2021-08-03,50-59,male,Zurich,CH
CU0404,2020-11-21,30-39,male,Other,CH
CU2391,2016-12-18,40-49,male,Bern,CH
CU0523,2024-06-30,30-39,female,Zurich,CH
CU2313,2024-10-28,30-39,female,Zurich,CH
CU2087,2024-07-06,30-39,male,Zurich,CH
CU0440,2023-07-09,40-49,male,Zurich,CH
CU1305,2017-01-08,60+,male,Zurich,CH
CU0383,2025-05-23,30-39,male,Zurich,CH
CU0752,2025-03-25,30-39,male,Other,CH
CU1755,2022-02-26,18-29,female,Other,CH
CU1132,2017-08-09,50-59,male,Zurich,CH
CU1910,2023-01-24,30-39,male,Zurich,CH
CU1126,2024-02-26,18-29,female,Zurich,CH
CU2324,2022-11-17,60+,female,Zurich,CH
CU1708,2022-05-09,30-39,male,Other,CH
CU0809,2021-04-29,30-39,female,Zurich,CH
CU0679,2017-05-23,60+,male,Zurich,CH
CU1717,2022-08-05,30-39,male,Zurich,CH
CU0187,2020-03-28,30-39,male,Zurich,CH
CU2505,2017-04-07,50-59,female,Other,CH
CU2352,2017-05-11,30-39,male,Zurich,CH
CU0045,2023-12-09,18-29,male,Zurich,CH
CU1006,2017-05-24,18-29,male,Lucerne,CH
CU1141,2023-09-18,18-29,female,Zurich,CH
CU1843,2017-08-07,60+,female,Zurich,CH
CU0108,2017-07-09,18-29,female,Zurich,CH
CU2429,2020-02-07,30-39,female,Zurich,CH
CU1392,2017-06-12,18-29,male,Zurich,CH
CU1153,2023-01-18,60+,male,Zurich,CH
CU1626,2021-12-26,18-29,male,Zurich,CH
CU0470,2017-07-01,50-59,male,Lucerne,CH
CU0235,2021-10-22,18-29,male,Other,CH
CU2099,2018-11-21,18-29,male,Zurich,CH
CU1009,2024-10-30,30-39,male,Lugano,CH
CU1128,2022-02-06,18-29,female,Lucerne,CH
CU1712,2017-08-05,60+,male,Zurich,CH
CU2389,2017-10-17,40-49,female,Zurich,CH
CU1179,2019-12-26,30-39,female,Zurich,CH
CU1087,2022-07-18,30-39,female,Bern,CH
CU2245,2017-10-22,30-39,female,Zurich,CH
CU2336,2017-09-27,60+,female,Zurich,CH
CU1442,2024-02-22,18-29,female,Zurich,CH
CU1831,2017-09-04,40-49,male,Zurich,CH
CU2538,2017-11-03,50-59,male,Zurich,CH
CU1940,2021-08-01,18-29,male,Zurich,CH
CU2484,2023-05-30,30-39,male,Bern,CH
CU0369,2017-10-18,18-29,female,Zurich,CH
CU0165,2017-12-29,60+,male,Other,CH
CU0872,2017-12-23,30-39,female,Zurich,CH
CU0714,2023-10-22,30-39,female,Zurich,CH
CU2362,2021-08-09,30-39,male,Other,CH
CU2442,2018-02-13,60+,male,Zurich,CH
CU1232,2024-03-15,18-29,female,Zurich,CH
CU2423,2018-01-19,30-39,male,Other,CH
CU0206,2020-01-26,18-29,male,Other,CH
CU0504,2024-11-09,18-29,male,Other,CH
CU2060,2018-04-07,50-59,male,Zurich,CH
CU0614,2020-06-12,50-59,male,Other,CH
CU2379,2018-05-22,30-39,female,Zurich,CH
CU1193,2018-05-16,40-49,male,Other,CH
CU0783,2023-12-14,18-29,male,Winterthur,CH
CU0403,2023-10-27,18-29,male,Zurich,CH
CU0710,2018-04-29,60+,male,Zurich,CH
CU1838,2018-05-13,30-39,male,Zurich,CH
CU0493,2018-05-25,50-59,male,Other,CH
CU1832,2020-01-04,30-39,female,Zurich,CH
CU1419,2018-05-16,60+,female,Zurich,CH
CU1500,2023-02-07,30-39,female,Other,CH
CU0160,2022-08-27,18-29,male,Zurich,CH
CU1833,2022-05-06,30-39,female,Zurich,CH
CU0379,2021-09-26,30-39,female,Winterthur,CH
CU1359,2021-10-20,40-49,male,Bern,CH
CU1942,2024-10-04,18-29,female,Bern,CH
CU1296,2024-07-01,60+,female,Zurich,CH
CU0249,2024-08-03,18-29,male,Bern,CH
CU0969,2021-12-19,50-59,female,Zurich,CH
CU0015,2021-09-19,18-29,male,Other,CH
CU1769,2020-01-10,50-59,female,Other,CH
CU0025,2021-06-05,40-49,male,Lugano,CH
CU1168,2021-02-03,30-39,male,Lugano,CH
CU0687,2020-04-18,40-49,female,Zurich,CH
CU0152,2023-12-15,50-59,female,Zurich,CH
CU2343,2019-03-19,50-59,male,Zurich,CH
CU0074,2022-11-08,18-29,male,Zurich,CH
CU1191,2023-03-28,30-39,male,Basel,CH
CU1548,2019-04-10,40-49,male,Other,CH
CU0368,2019-06-09,30-39,male,Zurich,CH
CU2368,2019-05-09,30-39,male,Lucerne,CH
CU2233,2024-04-10,40-49,male,Zurich,CH
CU2341,2019-06-15,40-49,female,Zurich,CH
CU2300,2019-05-16,60+,male,Zurich,CH
CU0659,2023-08-31,18-29,female,Zurich,CH
CU0083,2019-04-25,60+,male,Zurich,CH
CU2475,2019-04-24,18-29,male,Other,CH
CU1570,2021-04-06,18-29,male,Other,CH
CU0072,2020-12-12,30-39,male,Zurich,CH
CU0649,2019-07-15,40-49,female,Zurich,CH
CU1395,2023-12-01,18-29,male,Other,CH
CU1616,2024-06-26,30-39,male,Zurich,CH
CU1557,2024-08-15,30-39,male,Bern,CH
CU1572,2019-06-11,30-39,male,Lausanne,CH
CU0433,2024-06-09,18-29,male,Lucerne,CH
CU0277,2024-06-18,50-59,male,Zurich,CH
CU2101,2019-05-30,18-29,female,Zurich,CH
CU2435,2021-01-01,30-39,male,Lausanne,CH
CU2510,2023-02-06,18-29,female,Zurich,CH
CU0228,2022-09-10,30-39,female,Lausanne,CH
CU2118,2023-12-30,18-29,female,Lucerne,CH
CU0012,2021-11-21,18-29,male,Lugano,CH
CU0918,2021-09-14,40-49,male,Zurich,CH
CU0320,2019-08-02,40-49,male,Bern,CH
CU1065,2019-09-20,18-29,male,Zurich,CH
CU0925,2019-08-23,40-49,female,Other,CH
CU2144,2019-10-22,18-29,female,Zurich,CH
CU2477,2022-12-21,18-29,female,Zurich,CH
CU1257,2021-01-12,30-39,female,Bern,CH
CU1430,2019-08-25,30-39,male,Zurich,CH
CU0635,2022-10-28,60+,female,Lausanne,CH
CU2397,2022-06-04,30-39,male,Zurich,CH
CU2234,2019-10-12,60+,male,Zurich,CH
CU0092,2024-08-04,18-29,female,Zurich,CH
CU2222,2020-02-06,30-39,female,Zurich,CH
CU1282,2020-03-19,18-29,female,Zurich,CH
CU1551,2020-03-18,18-29,female,Zurich,CH
CU1325,2020-01-13,18-29,male,Zurich,CH
CU1776,2020-01-16,60+,female,Zurich,CH
CU1580,2020-02-20,18-29,male,Zurich,CH
CU0611,2020-03-09,50-59,female,Zurich,CH
CU1809,2020-06-21,40-49,female,Other,CH
CU0937,2020-04-01,40-49,male,Other,CH
CU0551,2020-05-13,30-39,male,Other,CH
CU0255,2020-05-16,30-39,male,Other,CH
CU0785,2020-08-07,40-49,male,Zurich,CH
CU1103,2020-07-15,18-29,male,Other,CH
CU1050,2020-08-23,50-59,male,Zurich,CH
CU0077,2023-10-29,18-29,male,Other,CH
CU1021,2024-04-04,30-39,male,Bern,CH
CU0252,2020-07-27,50-59,female,Zurich,CH
CU1542,2024-10-15,40-49,male,Zurich,CH
CU1620,2020-09-12,18-29,female,Zurich,CH
CU2236,2020-10-02,18-29,female,Zurich,CH
CU1489,2022-08-13,18-29,female,Other,CH
CU0362,2023-02-20,60+,female,Zurich,CH
CU2452,2023-03-06,18-29,male,Zurich,CH
CU2303,2020-09-24,60+,female,Zurich,CH
CU2039,2020-12-12,50-59,male,Zurich,CH
CU0933,2020-12-09,40-49,male,Other,CH
CU0240,2020-10-10,40-49,male,Zurich,CH
CU0669,2021-07-26,18-29,female,Zurich,CH
CU2575,2021-04-18,30-39,female,Zurich,CH
CU0125,2023-09-13,30-39,male,Zurich,CH
CU1318,2021-02-05,18-29,male,Zurich,CH
CU0902,2021-01-20,18-29,male,Zurich,CH
CU1663,2021-01-23,60+,female,Zurich,CH
CU1125,2021-02-23,60+,male,Other,CH
CU2146,2021-02-27,50-59,female,Lucerne,CH
CU0036,2021-03-25,50-59,female,Bern,CH
CU2258,2021-01-31,18-29,female,Zurich,CH
CU0542,2021-06-25,18-29,male,Other,CH
CU1123,2022-09-01,18-29,female,Lucerne,CH
CU0460,2021-04-10,18-29,male,Zurich,CH
CU1618,2024-09-08,18-29,male,Zurich,CH
CU0483,2021-04-24,40-49,male,Zurich,CH
CU0977,2021-05-05,18-29,female,Zurich,CH
CU1595,2021-05-05,40-49,female,Zurich,CH
CU1984,2022-02-09,30-39,male,Zurich,CH
CU2104,2021-04-16,60+,male,Other,CH
CU0142,2024-08-30,40-49,male,Zurich,CH
CU2393,2023-09-09,18-29,male,Zurich,CH
CU1478,2025-06-11,18-29,female,Lucerne,CH
CU2022,2021-07-06,30-39,female,Zurich,CH
CU0616,2021-06-02,18-29,female,Zurich,CH
CU1946,2024-03-03,18-29,female,Zurich,CH
CU0598,2021-07-30,30-39,female,Lucerne,CH
CU2369,2023-11-08,30-39,male,Zurich,CH
CU1622,2021-09-13,18-29,female,Other,CH
CU2448,2021-09-17,18-29,male,Zurich,CH
CU2085,2021-08-18,40-49,male,Zurich,CH
CU1122,2021-09-25,18-29,female,Lausanne,CH
CU0329,2024-06-03,30-39,male,Zurich,CH
CU0759,2021-10-16,18-29,female,Zurich,CH
CU1987,2024-10-11,60+,male,Zurich,CH
CU1664,2021-10-24,40-49,male,Zurich,CH
CU1882,2021-08-22,40-49,male,Lausanne,CH
CU0081,2021-10-21,30-39,male,Lausanne,CH
CU1749,2023-08-17,18-29,female,Lausanne,CH
CU0068,2022-01-08,18-29,female,Zurich,CH
CU1503,2021-10-28,60+,male,Zurich,CH
CU1261,2024-04-16,30-39,male,Zurich,CH
CU2506,2021-12-24,30-39,male,Zurich,CH
CU1143,2021-10-16,18-29,female,Other,CH
CU2344,2022-01-16,30-39,male,Zurich,CH
CU0101,2021-11-28,18-29,male,Zurich,CH
CU0040,2021-12-24,30-39,male,Other,CH
CU0905,2021-12-10,30-39,male,Zurich,CH
CU2311,2022-03-06,40-49,female,Zurich,CH
CU2048,2023-07-19,30-39,female,Basel,CH
CU1441,2023-09-05,30-39,female,Zurich,CH
CU0346,2023-06-15,18-29,male,Zurich,CH
CU0106,2022-07-28,18-29,male,Zurich,CH
CU0054,2022-12-22,18-29,female,Zurich,CH
CU0648,2023-11-09,50-59,male,Other,CH
CU1760,2022-05-27,18-29,female,Lausanne,CH
CU0890,2023-03-14,18-29,female,Bern,CH
CU1118,2022-07-03,40-49,male,Zurich,CH
CU0148,2022-05-19,18-29,female,Zurich,CH
CU0763,2022-06-08,40-49,female,Zurich,CH
CU1399,2022-06-11,50-59,male,Zurich,CH
CU0216,2023-01-22,30-39,female,Other,CH
CU1070,2022-06-24,18-29,male,Zurich,CH
CU1023,2024-08-17,30-39,male,Zurich,CH
CU0695,2022-09-09,18-29,male,Zurich,CH
CU2507,2024-06-21,30-39,female,Bern,CH
CU0415,2023-12-29,60+,male,Zurich,CH
CU0652,2022-10-06,18-29,female,Other,CH
CU1471,2022-11-09,50-59,male,Zurich,CH
CU1106,2022-10-29,50-59,female,Other,CH
CU1233,2022-11-22,50-59,male,Zurich,CH
CU0423,2022-11-10,50-59,female,Lugano,CH
CU0498,2024-02-25,40-49,male,Zurich,CH
CU2250,2023-10-04,30-39,female,Lucerne,CH
CU0203,2023-02-28,18-29,male,Zurich,CH
CU2162,2023-04-12,18-29,female,Zurich,CH
CU2420,2023-05-15,60+,male,Other,CH
CU0658,2023-05-31,60+,male,Bern,CH
CU1155,2023-06-02,18-29,female,Zurich,CH
CU0936,2023-04-20,50-59,female,Zurich,CH
CU2012,2025-05-13,30-39,female,Zurich,CH
CU2201,2023-09-21,18-29,male,Other,CH
CU0640,2023-10-01,18-29,female,Zurich,CH
CU0233,2023-10-04,18-29,male,Bern,CH
CU1455,2023-09-02,18-29,female,Zurich,CH
CU1386,2023-08-27,60+,female,Lugano,CH
CU0788,2023-10-30,18-29,female,Other,CH
CU2419,2023-10-06,40-49,male,Other,CH
CU0829,2025-03-29,18-29,female,Other,CH
CU2535,2024-12-22,30-39,male,Other,CH
CU1433,2024-02-16,50-59,male,Lausanne,CH
CU1185,2024-10-04,18-29,female,Zurich,CH
CU1875,2024-12-17,40-49,male,Zurich,CH
CU1704,2024-04-18,18-29,male,Other,CH
CU2376,2024-02-16,60+,female,Lucerne,CH
CU0986,2025-06-29,18-29,male,Zurich,CH
CU2095,2024-12-19,18-29,female,Other,CH
CU1363,2024-05-21,40-49,female,Zurich,CH
CU1055,2024-05-06,60+,male,Zurich,CH
CU2006,2024-06-01,18-29,female,Zurich,CH
CU0267,2024-06-14,30-39,female,Zurich,CH
CU1751,2024-07-06,50-59,female,Zurich,CH
CU0912,2024-09-01,18-29,female,Lugano,CH
CU0776,2024-08-02,50-59,male,Zurich,CH
CU0441,2024-09-08,50-59,female,Zurich,CH
CU2327,2024-09-14,18-29,male,Other,CH
CU0575,2024-09-07,50-59,female,Zurich,CH
CU1365,2024-10-13,40-49,female,Zurich,CH
CU1243,2024-11-14,40-49,female,Zurich,CH
CU2359,2024-10-29,18-29,male,Zurich,CH
CU0728,2024-11-10,50-59,male,Other,CH
CU1172,2024-12-24,30-39,female,Zurich,CH
CU0043,2025-01-17,60+,female,Zurich,CH
CU1382,2025-07-13,18-29,female,Zurich,CH
CU2089,2024-12-19,60+,female,Other,CH
CU0503,2025-02-06,50-59,male,Zurich,CH
CU1303,2025-01-09,60+,male,Zurich,CH
CU0073,2025-02-02,60+,male,Zurich,CH
CU0128,2025-04-04,50-59,male,Zurich,CH
CU1393,2025-04-17,40-49,female,Zurich,CH
CU2606,2025-02-21,30-39,female,Zurich,CH
CU1930,2025-05-20,18-29,female,Zurich,CH
CU0664,2025-04-08,18-29,female,Zurich,CH
CU2616,2008-09-07,60+,male,Zurich,CH
CU0738,2011-01-02,60+,male,Zurich,CH
CU1194,2019-10-01,50-59,male,Lugano,CH
CU0698,2017-01-26,60+,male,Other,CH
CU1403,2022-10-22,18-29,male,Lucerne,CH
CU0261,2017-12-18,40-49,male,Zurich,CH
CU1696,2021-03-15,50-59,male,Zurich,CH
CU0651,2018-07-16,30-39,male,Zurich,CH
CU1788,2023-05-31,18-29,male,Zurich,CH
CU0900,2019-01-17,40-49,male,Other,CH
CU1227,2020-12-17,60+,male,Lucerne,CH
CU1805,2021-05-21,60+,female,Bern,CH
CU0655,2021-07-19,30-39,male,Winterthur,CH
CU1870,2024-09-05,30-39,female,Basel,CH
CU0747,2021-09-09,50-59,female,Winterthur,CH
CU1096,2022-02-02,30-39,male,Other,CH
CU1939,2022-02-12,40-49,male,Other,CH
CU1720,2022-08-16,50-59,female,Lugano,CH
CU2590,2022-04-19,60+,male,Zurich,CH
CU2069,2022-05-22,40-49,male,Zurich,CH
CU1723,2022-06-05,40-49,male,Zurich,CH
CU2460,2022-07-21,60+,male,Zurich,CH
CU2542,2022-07-04,60+,female,Lugano,CH
CU1330,2022-06-01,60+,male,Zurich,CH
CU1340,2022-07-02,60+,female,Zurich,CH
CU2228,2022-07-19,60+,male,Lucerne,CH
CU1634,2022-07-17,50-59,male,Bern,CH
CU0837,2022-07-12,18-29,male,Zurich,CH
CU2030,2022-05-18,50-59,male,Zurich,CH
CU1088,2022-07-17,60+,male,Basel,CH
CU0561,2022-06-04,50-59,female,Other,CH
CU1242,2022-07-16,50-59,female,Other,CH
CU0716,2022-05-21,60+,male,Zurich,CH
CU0154,2022-05-16,40-49,male,Other,CH
CU1045,2022-05-18,40-49,male,Zurich,CH
CU2298,2022-07-14,30-39,male,Other,CH
CU0323,2022-07-12,60+,female,Zurich,CH
CU0171,2022-07-04,30-39,male,Bern,CH
CU2184,2022-05-06,40-49,female,Zurich,CH
CU1329,2022-06-03,60+,male,Lausanne,CH
CU2333,2022-07-20,40-49,male,Zurich,CH
CU0954,2022-05-19,60+,female,Other,CH
CU2231,2022-07-27,30-39,male,Zurich,CH
CU1431,2022-07-07,40-49,male,Zurich,CH
CU2409,2024-04-03,30-39,male,Zurich,CH
CU0647,2022-07-17,60+,male,Zurich,CH
CU2044,2022-05-12,60+,female,Zurich,CH
CU1007,2022-07-30,50-59,male,Zurich,CH
CU1934,2022-07-06,60+,male,Other,CH
CU0817,2024-08-18,60+,male,Zurich,CH
CU1339,2022-05-16,50-59,male,Bern,CH
CU0643,2024-12-27,30-39,male,Lausanne,CH
CU1049,2024-07-13,60+,female,Zurich,CH
CU0027,2022-08-08,60+,male,Zurich,CH
CU1527,2022-07-02,40-49,male,Zurich,CH
CU2563,2022-07-01,60+,male,Zurich,CH
CU0328,2022-07-13,40-49,male,Zurich,CH
CU1538,2022-07-18,60+,male,Zurich,CH
CU2517,2022-07-23,30-39,female,Other,CH
CU1874,2022-07-19,60+,female,Zurich,CH
CU2270,2022-06-03,60+,female,Other,CH
CU1056,2022-06-14,50-59,female,Zurich,CH
CU2386,2022-07-22,18-29,male,Zurich,CH
CU1680,2022-06-30,50-59,female,Zurich,CH
CU0436,2022-07-24,60+,female,Lausanne,CH
CU0285,2022-06-28,40-49,female,Lucerne,CH
CU2462,2022-05-30,40-49,male,Winterthur,CH
CU1151,2022-08-10,40-49,male,Lugano,CH
CU1694,2022-06-25,60+,male,Other,CH
CU1625,2022-06-22,40-49,male,Lausanne,CH
CU0950,2022-07-02,60+,female,Zurich,CH
CU1076,2022-06-21,50-59,female,Lugano,CH
CU1513,2025-03-01,40-49,female,Zurich,CH
CU2213,2022-08-03,50-59,male,Other,CH
CU0136,2022-06-01,40-49,male,Zurich,CH
CU1510,2022-07-06,60+,male,Bern,CH
CU0088,2022-05-19,50-59,male,Other,CH
CU1250,2022-07-03,60+,male,Other,CH
CU2167,2022-07-05,60+,male,Zurich,CH
CU1927,2022-06-20,60+,male,Bern,CH
CU1038,2022-06-05,60+,male,Zurich,CH
CU0445,2022-07-13,40-49,female,Zurich,CH
CU2133,2022-08-19,60+,male,Zurich,CH
CU1952,2023-05-17,50-59,male,Zurich,CH
CU0582,2022-06-07,60+,male,Bern,CH
CU1807,2022-07-16,50-59,female,Lausanne,CH
CU1483,2022-06-10,60+,male,Winterthur,CH
CU1120,2022-07-29,50-59,female,Other,CH
CU1881,2022-06-15,60+,female,Zurich,CH
CU1654,2024-12-17,30-39,female,Lugano,CH
CU2455,2022-08-22,60+,male,Zurich,CH
CU0418,2022-08-12,40-49,male,Zurich,CH
CU1439,2022-06-04,60+,male,Zurich,CH
CU0018,2022-08-08,60+,male,Zurich,CH
CU1602,2022-07-26,60+,male,Zurich,CH
CU0214,2022-06-21,30-39,male,Zurich,CH
CU1912,2022-07-28,60+,male,Zurich,CH
CU0176,2022-08-04,60+,female,Zurich,CH
CU0506,2022-07-08,60+,male,Zurich,CH
CU2330,2022-06-10,50-59,male,Zurich,CH
CU2159,2022-06-22,60+,female,Lugano,CH
CU2559,2022-08-20,60+,male,Zurich,CH
CU2438,2022-08-16,60+,male,Lausanne,CH
CU0396,2022-07-25,40-49,male,Other,CH
CU0385,2022-08-02,50-59,female,Bern,CH
CU2185,2022-06-19,60+,female,Zurich,CH
CU0757,2022-06-03,60+,male,Other,CH
CU0894,2022-08-03,30-39,male,Zurich,CH
CU2289,2022-06-11,30-39,male,Zurich,CH
CU0770,2022-07-12,40-49,male,Zurich,CH
CU1253,2022-07-19,40-49,female,Zurich,CH
CU0898,2022-06-09,40-49,male,Other,CH
CU0382,2022-07-09,40-49,male,Zurich,CH
CU2526,2022-08-13,30-39,male,Lucerne,CH
CU1501,2022-06-16,60+,male,Bern,CH
CU0278,2022-08-29,60+,male,Zurich,CH
CU0312,2023-01-09,50-59,male,Other,CH
CU1388,2022-06-18,60+,male,Zurich,CH
CU0968,2022-06-13,60+,male,Basel,CH
CU1104,2022-08-20,60+,female,Zurich,CH
CU1823,2022-06-19,60+,male,Other,CH
CU2001,2022-06-20,60+,male,Other,CH
CU0774,2022-08-03,60+,male,Zurich,CH
CU2196,2022-06-20,60+,male,Zurich,CH
CU0756,2022-07-06,50-59,male,Zurich,CH
CU1873,2022-06-17,60+,female,Bern,CH
CU1736,2022-07-17,60+,female,Zurich,CH
CU1108,2022-08-21,60+,male,Lugano,CH
CU1066,2022-06-20,30-39,female,Other,CH
CU0198,2022-09-04,30-39,female,Other,CH
CU1422,2022-08-10,50-59,male,Lugano,CH
CU1862,2022-08-14,50-59,male,Other,CH
CU0190,2024-08-15,60+,male,Zurich,CH
CU0948,2022-07-05,50-59,female,Bern,CH
CU1145,2022-08-24,40-49,male,Zurich,CH
CU0432,2022-08-30,40-49,female,Other,CH
CU0678,2022-06-25,50-59,male,Bern,CH
CU0634,2022-07-04,60+,male,Zurich,CH
CU1490,2022-07-01,50-59,male,Zurich,CH
CU0200,2022-07-13,30-39,female,Zurich,CH
CU0478,2022-09-13,18-29,male,Other,CH
CU0818,2023-09-22,40-49,male,Other,CH
CU1684,2024-11-26,50-59,female,Zurich,CH
CU0797,2022-09-13,30-39,male,Zurich,CH
CU0270,2022-07-22,60+,female,Lucerne,CH
CU2625,2022-09-06,60+,male,Lausanne,CH
CU2122,2022-10-12,40-49,female,Zurich,CH
CU0345,2022-06-20,50-59,male,Zurich,CH
CU0806,2023-09-01,60+,male,Zurich,CH
CU1311,2022-06-20,40-49,male,Zurich,CH
CU0002,2022-07-30,60+,male,Lucerne,CH
CU0135,2022-08-26,40-49,female,Zurich,CH
CU1517,2022-07-27,60+,male,Bern,CH
CU0642,2022-06-28,60+,male,Zurich,CH
CU2125,2022-07-25,40-49,female,Zurich,CH
CU0896,2022-07-03,40-49,male,Other,CH
CU0875,2022-07-19,50-59,female,Zurich,CH
CU2515,2022-07-03,30-39,male,Zurich,CH
CU1576,2022-08-31,40-49,male,Other,CH
CU1537,2022-07-23,60+,female,Zurich,CH
CU2463,2022-07-02,50-59,female,Other,CH
CU2367,2022-09-15,30-39,female,Other,CH
CU2230,2022-07-07,30-39,male,Zurich,CH
CU2436,2022-09-12,40-49,male,Lugano,CH
CU1972,2022-09-08,40-49,male,Zurich,CH
CU1571,2022-08-18,30-39,male,Zurich,CH
CU0540,2022-07-23,40-49,female,Zurich,CH
CU1944,2022-06-27,60+,male,Other,CH
CU2519,2022-07-06,50-59,male,Zurich,CH
CU1806,2023-09-29,60+,female,Other,CH
CU1506,2023-07-30,40-49,male,Zurich,CH
CU1929,2022-08-23,60+,female,Zurich,CH
CU1054,2022-08-21,60+,female,Zurich,CH
CU0076,2022-07-31,40-49,male,Lucerne,CH
CU1920,2022-07-24,30-39,male,Zurich,CH
CU1274,2022-09-17,60+,male,Lucerne,CH
CU1996,2022-09-15,60+,female,Zurich,CH
CU1073,2022-09-17,50-59,male,Zurich,CH
CU1827,2022-08-03,40-49,female,Zurich,CH
CU2543,2022-07-05,50-59,female,Lugano,CH
CU2278,2022-08-17,60+,female,Zurich,CH
CU2150,2022-09-19,60+,female,Lucerne,CH
CU0632,2022-08-14,60+,male,Lausanne,CH
CU1434,2022-07-14,60+,male,Other,CH
CU0292,2022-07-23,50-59,female,Lausanne,CH
CU2189,2022-08-14,50-59,male,Zurich,CH
CU1555,2022-07-20,60+,male,Zurich,CH
CU0276,2022-07-16,50-59,male,Lugano,CH
CU0471,2022-08-13,50-59,male,Zurich,CH
CU0295,2022-08-13,60+,male,Zurich,CH
CU1566,2024-04-07,40-49,male,Lucerne,CH
CU2182,2022-09-07,40-49,female,Zurich,CH
CU0467,2022-08-12,50-59,male,Lugano,CH
CU0301,2022-08-21,60+,female,Bern,CH
CU1140,2022-08-06,60+,male,Zurich,CH
CU2188,2022-07-15,30-39,male,Zurich,CH
CU2256,2022-08-20,40-49,male,Basel,CH
CU0697,2022-09-22,30-39,female,Zurich,CH
CU1474,2022-12-13,40-49,male,Zurich,CH
CU0344,2022-08-23,60+,female,Lausanne,CH
CU0413,2022-09-06,60+,female,Zurich,CH
CU2412,2022-08-08,60+,male,Other,CH
CU1877,2022-08-04,40-49,female,Lugano,CH
CU0408,2022-09-02,40-49,female,Bern,CH
CU0013,2022-09-29,18-29,male,Zurich,CH
CU0339,2022-08-01,60+,male,Zurich,CH
CU2244,2022-10-13,50-59,female,Lausanne,CH
CU1567,2022-08-07,40-49,male,Zurich,CH
CU1505,2022-09-12,30-39,female,Zurich,CH
CU1535,2022-07-28,40-49,female,Lausanne,CH
CU2395,2022-09-14,50-59,male,Zurich,CH
CU2061,2022-07-24,50-59,male,Other,CH
CU0899,2022-07-27,50-59,female,Zurich,CH
CU0401,2022-10-14,50-59,male,Zurich,CH
CU2619,2022-10-17,60+,male,Other,CH
CU1062,2023-06-12,18-29,female,Zurich,CH
CU2525,2025-07-01,30-39,female,Bern,CH
CU1747,2023-08-12,50-59,female,Lucerne,CH
CU1387,2022-09-17,50-59,male,Zurich,CH
CU0107,2022-07-31,60+,male,Zurich,CH
CU0064,2022-09-28,60+,female,Zurich,CH
CU1848,2024-08-06,60+,male,Lucerne,CH
CU0037,2022-10-28,40-49,female,Zurich,CH
CU1829,2022-10-18,60+,female,Lucerne,CH
CU0048,2022-10-08,60+,female,Lugano,CH
CU1742,2022-10-09,40-49,male,Zurich,CH
CU1492,2024-11-21,18-29,male,Other,CH
CU0574,2022-09-23,50-59,male,Other,CH
CU1757,2022-10-29,50-59,male,Zurich,CH
CU2588,2022-09-17,60+,female,Other,CH
CU2489,2022-11-16,60+,female,Zurich,CH
CU1002,2022-09-06,50-59,male,Zurich,CH
CU0371,2022-08-30,50-59,male,Zurich,CH
CU0746,2022-11-03,50-59,female,Bern,CH
CU0653,2022-09-18,60+,male,Lugano,CH
CU0572,2022-11-11,50-59,female,Zurich,CH
CU0123,2022-08-16,40-49,female,Lucerne,CH
CU2242,2022-08-21,60+,male,Zurich,CH
CU1703,2022-10-05,60+,male,Other,CH
CU1278,2022-10-26,40-49,female,Other,CH
CU0071,2022-08-25,60+,female,Zurich,CH
CU1165,2022-09-24,60+,male,Lucerne,CH
CU2108,2022-09-13,50-59,male,Other,CH
CU2611,2022-09-30,40-49,female,Basel,CH
CU1248,2022-09-08,50-59,male,Winterthur,CH
CU0014,2022-11-11,60+,male,Zurich,CH
CU1411,2022-09-28,60+,male,Zurich,CH
CU0865,2022-10-19,60+,female,Zurich,CH
CU0066,2022-10-09,60+,female,Bern,CH
CU2251,2022-10-29,60+,female,Zurich,CH
CU2432,2022-09-24,50-59,male,Zurich,CH
CU0505,2024-01-22,30-39,female,Winterthur,CH
CU1175,2022-10-06,60+,male,Other,CH
CU0146,2022-10-25,60+,female,Zurich,CH
CU2107,2022-09-06,50-59,female,Zurich,CH
CU1320,2022-11-16,40-49,female,Zurich,CH
CU1766,2022-09-29,60+,male,Zurich,CH
CU2066,2022-09-04,30-39,male,Bern,CH
CU2321,2022-10-20,30-39,male,Zurich,CH
CU0269,2022-09-16,60+,female,Zurich,CH
CU2319,2022-10-07,60+,male,Zurich,CH
CU1226,2022-09-23,40-49,male,Zurich,CH
CU1885,2022-10-24,60+,female,Zurich,CH
CU2482,2022-11-16,50-59,male,Zurich,CH
CU0830,2022-11-13,60+,female,Zurich,CH
CU1389,2022-10-01,50-59,female,Zurich,CH
CU1047,2025-02-07,18-29,female,Zurich,CH
CU0745,2022-12-17,40-49,female,Lucerne,CH
CU2063,2022-09-30,30-39,male,Zurich,CH
CU1892,2022-10-05,30-39,male,Lucerne,CH
CU1655,2022-10-30,40-49,female,Zurich,CH
CU1519,2022-10-28,18-29,male,Other,CH
CU0202,2022-10-26,60+,male,Lucerne,CH
CU1306,2022-12-29,60+,male,Lugano,CH
CU2329,2022-10-13,50-59,male,Other,CH
CU2624,2022-10-10,50-59,female,Zurich,CH
CU1706,2022-11-27,50-59,male,Lucerne,CH
CU2377,2022-12-18,50-59,female,Zurich,CH
CU0279,2022-12-01,40-49,male,Zurich,CH
CU0586,2022-10-19,50-59,female,Zurich,CH
CU2093,2022-12-18,30-39,female,Bern,CH
CU2605,2022-12-28,30-39,female,Lausanne,CH
CU2131,2022-10-17,18-29,female,Other,CH
CU0501,2022-11-07,18-29,male,Other,CH
CU1591,2022-11-01,60+,female,Zurich,CH
CU1379,2022-10-22,60+,male,Zurich,CH
CU1615,2022-10-23,30-39,female,Zurich,CH
CU0147,2022-12-01,60+,male,Zurich,CH
CU0735,2022-10-29,40-49,male,Zurich,CH
CU0709,2022-11-13,60+,male,Zurich,CH
CU0761,2023-01-19,50-59,male,Other,CH
CU1199,2022-11-15,60+,male,Zurich,CH
CU0625,2022-12-27,60+,female,Zurich,CH
CU2115,2022-11-01,40-49,male,Zurich,CH
CU2427,2022-11-28,50-59,male,Lucerne,CH
CU0973,2022-12-11,60+,male,Other,CH
CU1036,2022-10-24,40-49,male,Zurich,CH
CU2363,2025-04-08,60+,male,Zurich,CH
CU2020,2022-11-15,40-49,male,Winterthur,CH
CU0633,2022-12-17,30-39,female,Zurich,CH
CU1994,2022-11-14,60+,male,Zurich,CH
CU2288,2022-11-06,50-59,female,Zurich,CH
CU2488,2022-12-21,50-59,female,Zurich,CH
CU0930,2022-12-02,40-49,female,Lucerne,CH
CU0039,2022-11-14,40-49,male,Zurich,CH
CU0654,2022-11-21,50-59,male,Zurich,CH
CU1689,2024-08-20,50-59,female,Zurich,CH
CU2443,2022-11-29,30-39,male,Lugano,CH
CU0151,2022-11-13,60+,male,Zurich,CH
CU0910,2022-11-11,60+,female,Zurich,CH
CU1454,2023-01-05,50-59,male,Other,CH
CU0883,2023-04-19,60+,male,Zurich,CH
CU1702,2022-11-25,30-39,female,Other,CH
CU2318,2023-01-04,30-39,male,Other,CH
CU0824,2022-12-26,60+,female,Zurich,CH
CU0363,2023-01-08,30-39,male,Lausanne,CH
CU2062,2024-03-10,40-49,female,Bern,CH
CU0810,2023-02-13,30-39,male,Zurich,CH
CU0985,2023-01-01,30-39,female,Zurich,CH
CU0707,2022-12-13,40-49,female,Zurich,CH
CU0300,2023-01-11,40-49,female,Other,CH
CU0844,2024-01-02,18-29,female,Other,CH
CU2417,2023-02-12,40-49,female,Bern,CH
CU2529,2023-01-20,40-49,female,Zurich,CH
CU0920,2023-01-17,30-39,female,Other,CH
CU2194,2023-03-05,30-39,male,Zurich,CH
CU0508,2023-01-21,50-59,female,Lucerne,CH
CU1368,2023-07-12,50-59,male,Other,CH
CU1093,2024-02-13,18-29,female,Bern,CH
CU0795,2023-02-28,30-39,male,Zurich,CH
CU0166,2023-01-11,18-29,female,Bern,CH
CU0971,2022-12-29,60+,female,Zurich,CH
CU0350,2022-12-25,60+,female,Zurich,CH
CU1316,2023-03-08,60+,male,Other,CH
CU2028,2023-02-26,60+,female,Lucerne,CH
CU2079,2023-03-21,40-49,male,Other,CH
CU0084,2023-03-28,50-59,male,Zurich,CH
CU0790,2023-03-07,50-59,male,Zurich,CH
CU2527,2024-05-06,30-39,female,Zurich,CH
CU2591,2024-04-12,40-49,female,Zurich,CH
CU2129,2023-03-23,60+,male,Winterthur,CH
CU2334,2023-03-26,50-59,male,Bern,CH
CU0352,2023-03-14,60+,female,Lucerne,CH
CU1724,2023-03-30,30-39,male,Lucerne,CH
CU0871,2023-02-26,60+,female,Zurich,CH
CU1665,2023-01-30,18-29,male,Zurich,CH
CU1895,2023-03-10,30-39,male,Lausanne,CH
CU0086,2023-02-07,50-59,female,Zurich,CH
CU0993,2023-04-30,60+,female,Zurich,CH
CU0727,2023-03-25,40-49,male,Zurich,CH
CU1556,2023-05-17,18-29,female,Zurich,CH
CU0970,2023-03-06,40-49,male,Zurich,CH
CU0080,2023-04-14,60+,female,Zurich,CH
CU0538,2023-03-20,50-59,male,Lucerne,CH
CU0163,2023-04-15,40-49,male,Lugano,CH
CU2608,2023-03-23,60+,male,Other,CH
CU0726,2023-05-30,40-49,male,Zurich,CH
CU0443,2023-04-10,40-49,male,Other,CH
CU2570,2023-04-15,50-59,male,Zurich,CH
CU2512,2023-06-06,60+,female,Zurich,CH
CU1332,2023-04-28,60+,male,Zurich,CH
CU1307,2023-08-31,30-39,female,Lausanne,CH
CU2014,2023-05-12,40-49,female,Other,CH
CU0481,2023-05-10,50-59,male,Lucerne,CH
CU2524,2023-04-03,50-59,male,Zurich,CH
CU2523,2023-04-12,30-39,female,Zurich,CH
CU1604,2023-08-14,30-39,female,Bern,CH
CU0361,2023-06-17,60+,female,Zurich,CH
CU0181,2023-04-27,40-49,male,Lausanne,CH
CU0112,2023-05-06,40-49,male,Zurich,CH
CU2497,2023-05-14,60+,male,Zurich,CH
CU0114,2023-06-20,60+,male,Zurich,CH
CU1344,2023-06-05,60+,female,Other,CH
CU1590,2023-05-11,50-59,female,Other,CH
CU0748,2023-05-15,60+,male,Other,CH
CU0946,2023-07-03,40-49,male,Zurich,CH
CU0903,2023-05-05,30-39,male,Zurich,CH
CU1397,2023-06-27,40-49,male,Bern,CH
CU2169,2023-05-12,50-59,male,Other,CH
CU2065,2023-06-16,60+,male,Zurich,CH
CU2246,2023-06-23,30-39,male,Other,CH
CU0194,2023-05-26,18-29,male,Other,CH
CU0560,2023-05-20,40-49,female,Zurich,CH
CU1688,2023-07-06,40-49,male,Zurich,CH
CU1966,2023-07-25,18-29,male,Lucerne,CH
CU1074,2023-06-15,18-29,male,Lugano,CH
CU1856,2023-06-17,40-49,female,Lucerne,CH
CU1744,2023-08-05,60+,male,Zurich,CH
CU0732,2023-08-02,30-39,female,Bern,CH
CU0157,2023-07-06,60+,male,Zurich,CH
CU2361,2023-05-18,60+,male,Zurich,CH
CU1113,2023-06-26,30-39,female,Bern,CH
CU0628,2023-08-07,50-59,male,Winterthur,CH
CU1085,2023-06-18,50-59,female,Other,CH
CU1891,2023-07-03,18-29,female,Zurich,CH
CU2408,2023-07-04,60+,male,Lugano,CH
CU1427,2023-06-02,60+,male,Zurich,CH
CU0911,2023-06-19,40-49,male,Zurich,CH
CU2502,2023-08-16,50-59,female,Zurich,CH
CU1561,2023-08-09,30-39,male,Zurich,CH
CU1010,2023-07-06,40-49,male,Zurich,CH
CU0888,2023-06-30,60+,female,Zurich,CH
CU0444,2023-09-03,30-39,male,Lausanne,CH
CU1828,2023-07-02,60+,male,Zurich,CH
CU2156,2023-08-03,60+,female,Other,CH
CU0882,2023-06-23,50-59,male,Other,CH
CU2621,2023-07-13,30-39,male,Other,CH
CU0536,2023-08-23,30-39,female,Zurich,CH
CU1094,2023-08-10,40-49,male,Zurich,CH
CU0895,2023-08-01,50-59,male,Bern,CH
CU0017,2023-07-10,60+,male,Other,CH
CU2111,2023-07-10,60+,female,Zurich,CH
CU1630,2023-08-16,40-49,female,Zurich,CH
CU0604,2023-09-07,18-29,female,Lucerne,CH
CU1968,2023-09-21,40-49,female,Zurich,CH
CU2609,2023-09-20,50-59,male,Zurich,CH
CU1131,2023-08-17,50-59,male,Bern,CH
CU0921,2023-08-28,60+,male,Other,CH
CU0940,2023-10-17,30-39,male,Other,CH
CU0848,2023-09-10,40-49,female,Zurich,CH
CU0127,2023-08-22,50-59,male,Lausanne,CH
CU0960,2023-08-06,40-49,male,Zurich,CH
CU0075,2023-10-18,50-59,female,Zurich,CH
CU1331,2023-09-20,30-39,female,Zurich,CH
CU0768,2023-10-11,60+,female,Lucerne,CH
CU0676,2023-09-17,40-49,male,Zurich,CH
CU1218,2023-10-05,40-49,female,Zurich,CH
CU0516,2023-09-26,60+,female,Zurich,CH
CU0851,2023-10-29,60+,male,Other,CH
CU1764,2023-09-22,30-39,male,Other,CH
CU0338,2023-10-27,30-39,male,Zurich,CH
CU2015,2023-11-10,50-59,male,Zurich,CH
CU2286,2023-11-15,18-29,male,Zurich,CH
CU0857,2023-11-04,18-29,female,Zurich,CH
CU1475,2023-12-05,40-49,male,Zurich,CH
CU0862,2023-09-20,30-39,male,Lucerne,CH
CU0892,2023-11-23,40-49,,Zurich,CH
CU1416,2023-09-16,60+,male,Zurich,CH
CU2046,2023-12-05,50-59,female,Lucerne,CH
CU2356,2023-11-21,50-59,male,Zurich,CH
CU2383,2023-10-06,30-39,male,Basel,CH
CU2469,2023-11-10,50-59,female,Zurich,CH
CU1635,2023-10-23,50-59,male,Zurich,CH
CU1636,2023-11-26,60+,male,Bern,CH
CU2214,2023-10-04,50-59,male,Zurich,CH
CU1893,2023-10-17,60+,female,Zurich,CH
CU0057,2023-11-10,40-49,male,Zurich,CH
CU2380,2023-11-25,50-59,female,Bern,CH
CU1662,2024-01-12,60+,male,Zurich,CH
CU0201,2023-11-29,40-49,male,Other,CH
CU0897,2024-01-05,40-49,male,Other,CH
CU2003,2023-11-24,30-39,male,Bern,CH
CU0579,2023-11-22,40-49,male,Zurich,CH
CU1728,2023-11-10,30-39,male,Zurich,CH
CU0096,2023-12-01,50-59,male,Other,CH
CU1516,2024-01-15,30-39,male,Zurich,CH
CU2579,2023-11-14,30-39,male,Zurich,CH
CU2331,2023-11-22,40-49,female,Zurich,CH
CU1949,2023-11-20,30-39,female,Zurich,CH
CU1980,2023-12-24,60+,male,Zurich,CH
CU0193,2024-02-23,30-39,male,Lucerne,CH
CU0704,2023-12-24,50-59,female,Zurich,CH
CU1169,2024-03-03,40-49,male,Zurich,CH
CU1627,2024-02-25,60+,male,Zurich,CH
CU0958,2024-03-01,40-49,male,Zurich,CH
CU0724,2024-01-06,30-39,male,Zurich,CH
CU1255,2024-03-20,30-39,female,Zurich,CH
CU0952,2024-02-10,60+,female,Lucerne,CH
CU0636,2024-03-24,40-49,male,Winterthur,CH
CU0489,2024-03-13,18-29,female,Basel,CH
CU1346,2024-04-08,18-29,male,Zurich,CH
CU2173,2024-04-08,50-59,male,Lausanne,CH
CU1846,2024-03-07,30-39,female,Other,CH
CU1953,2024-03-31,50-59,male,Bern,CH
CU0769,2024-04-20,40-49,male,Zurich,CH
CU0884,2024-04-02,30-39,female,Zurich,CH
CU2208,2024-04-17,50-59,female,Zurich,CH
CU2584,2024-04-16,40-49,male,Other,CH
CU2098,2024-04-01,40-49,male,Zurich,CH
CU0580,2024-04-03,40-49,female,Winterthur,CH
CU0639,2024-03-04,60+,male,Zurich,CH
CU0682,2024-03-17,40-49,male,Zurich,CH
CU2042,2024-02-24,40-49,male,Winterthur,CH
CU1669,2024-03-18,40-49,female,Other,CH
CU0199,2024-03-28,30-39,female,Zurich,CH
CU0959,2024-09-10,60+,female,Zurich,CH
CU0991,2024-04-11,50-59,female,Zurich,CH
CU1905,2024-05-06,30-39,male,Lausanne,CH
CU0053,2024-05-09,18-29,male,Lucerne,CH
CU1266,2024-04-09,50-59,female,Zurich,CH
CU0205,2024-04-29,50-59,male,Zurich,CH
CU1906,2024-05-06,30-39,female,Lausanne,CH
CU1477,2024-04-06,60+,male,Zurich,CH
CU2586,2024-05-04,30-39,male,Other,CH
CU1991,2024-04-15,60+,female,Other,CH
CU1958,2024-05-14,18-29,female,Other,CH
CU1425,2024-06-07,60+,male,Zurich,CH
CU1362,2024-04-20,40-49,male,Zurich,CH
CU0821,2024-05-02,50-59,male,Zurich,CH
CU2342,2024-06-09,50-59,female,Other,CH
CU2218,2024-06-12,60+,female,Other,CH
CU2556,2024-06-24,30-39,male,Lucerne,CH
CU2554,2024-06-16,50-59,male,Winterthur,CH
CU0699,2024-06-14,30-39,female,Other,CH
CU0462,2024-06-08,18-29,male,Zurich,CH
CU2540,2025-05-15,18-29,female,Other,CH
CU1283,2024-07-23,40-49,male,Zurich,CH
CU1406,2024-07-27,60+,male,Lucerne,CH
CU0056,2024-07-31,40-49,male,Lugano,CH
CU1059,2024-06-05,40-49,female,Zurich,CH
CU2004,2024-11-08,30-39,male,Lausanne,CH
CU1082,2024-06-14,30-39,female,Other,CH
CU2405,2024-05-26,18-29,male,Zurich,CH
CU0410,2024-07-18,30-39,female,Other,CH
CU1467,2024-08-23,18-29,female,Zurich,CH
CU0268,2024-06-27,50-59,male,Lugano,CH
CU1221,2024-07-18,50-59,female,Zurich,CH
CU0588,2024-08-31,60+,male,Other,CH
CU0010,2024-09-11,60+,male,Other,CH
CU1950,2024-09-12,60+,female,Zurich,CH
CU0070,2024-08-18,30-39,female,Zurich,CH
CU0078,2024-08-11,30-39,male,Zurich,CH
CU1876,2024-07-27,60+,male,Zurich,CH
CU1709,2024-08-19,30-39,female,Zurich,CH
CU0050,2024-08-05,50-59,female,Other,CH
CU2224,2024-07-26,40-49,female,Lucerne,CH
CU0630,2024-09-30,18-29,female,Zurich,CH
CU1671,2024-07-15,50-59,male,Bern,CH
CU2592,2024-08-02,30-39,female,Lausanne,CH
CU0412,2024-10-08,30-39,female,Other,CH
CU1646,2024-09-08,60+,male,Other,CH
CU1840,2024-10-03,60+,female,Zurich,CH
CU0526,2024-10-08,18-29,female,Zurich,CH
CU0877,2024-11-12,18-29,male,Other,CH
CU1956,2024-10-14,50-59,male,Other,CH
CU2137,2024-09-05,50-59,male,Other,CH
CU0243,2024-08-25,40-49,female,Zurich,CH
CU0953,2024-09-03,50-59,male,Other,CH
CU2152,2024-10-19,50-59,female,Zurich,CH
CU2598,2024-08-17,18-29,female,Zurich,CH
CU1617,2024-08-20,40-49,male,Zurich,CH
CU1761,2024-11-02,60+,female,Zurich,CH
CU0459,2024-08-13,18-29,male,Zurich,CH
CU2317,2024-11-04,18-29,male,Zurich,CH
CU0336,2025-07-02,30-39,female,Other,CH
CU0140,2024-09-29,30-39,male,Other,CH
CU0089,2024-09-06,30-39,male,Zurich,CH
CU0425,2024-11-02,40-49,female,Other,CH
CU0706,2024-09-06,50-59,female,Lausanne,CH
CU1853,2024-09-27,40-49,male,Other,CH
CU0185,2024-10-23,18-29,male,Other,CH
CU1682,2024-10-13,60+,female,Zurich,CH
CU1672,2024-10-29,30-39,male,Basel,CH
CU0868,2024-11-02,30-39,male,Zurich,CH
CU2603,2024-09-28,50-59,female,Zurich,CH
CU1810,2024-11-20,40-49,male,Zurich,CH
CU1034,2024-11-15,40-49,female,Other,CH
CU2170,2024-11-06,50-59,male,Other,CH
CU0452,2024-12-04,40-49,female,Zurich,CH
CU2273,2024-12-06,60+,male,Zurich,CH
CU1162,2024-11-29,60+,female,Winterthur,CH
CU1661,2024-11-10,30-39,female,Zurich,CH
CU1973,2024-11-09,18-29,male,Zurich,CH
CU0791,2024-12-31,60+,male,Lugano,CH
CU2550,2025-01-18,18-29,female,Zurich,CH
CU0099,2024-11-11,60+,female,Winterthur,CH
CU0866,2025-01-10,50-59,male,Zurich,CH
CU2008,2025-01-01,18-29,female,Zurich,CH
CU1911,2025-01-26,40-49,male,Zurich,CH
CU0042,2025-01-25,60+,female,Bern,CH
CU2254,2025-01-15,30-39,female,Bern,CH
CU2348,2025-02-24,60+,male,Other,CH
CU1866,2025-02-01,60+,female,Lausanne,CH
CU2297,2025-04-07,50-59,female,Zurich,CH
CU2338,2025-02-22,18-29,male,Zurich,CH
CU0477,2025-04-14,18-29,male,Zurich,CH
CU0956,2025-03-29,60+,male,Zurich,CH
CU0472,2025-03-17,40-49,male,Zurich,CH
CU1234,2025-05-23,60+,male,Winterthur,CH
CU0390,2025-06-02,60+,male,Zurich,CH
CU2253,2025-03-29,60+,male,Bern,CH
CU2424,2025-04-16,40-49,male,Zurich,CH
CU0705,2016-01-27,40-49,female,Zurich,CH
CU1982,2017-05-22,60+,female,Other,CH
CU0144,2016-04-29,60+,male,Zurich,CH
CU1016,2017-01-15,40-49,male,Bern,CH
CU1279,2024-07-30,30-39,male,Other,CH
CU1676,2021-10-19,40-49,male,Zurich,CH
CU1565,2023-05-29,50-59,female,Lucerne,CH
CU2239,2022-07-07,50-59,male,Bern,CH
CU0624,2023-07-26,30-39,male,Zurich,CH
CU1553,2024-10-26,60+,female,Zurich,CH
CU1869,2016-05-30,50-59,male,Zurich,CH
CU1932,2020-04-22,40-49,male,Zurich,CH
CU1203,2018-02-07,30-39,male,Zurich,CH
CU1206,2022-10-04,50-59,male,Zurich,CH
CU0364,2024-05-18,40-49,male,Other,CH
CU1918,2021-03-04,60+,male,Zurich,CH
CU1090,2024-11-29,30-39,female,Bern,CH
CU0129,2006-05-27,40-49,female,Zurich,CH
CU2320,2017-05-04,60+,male,Zurich,CH
CU1699,2017-07-17,60+,female,Zurich,CH
CU0188,2023-02-18,50-59,female,Zurich,CH
CU1400,2019-04-06,50-59,male,Other,CH
CU0913,2019-11-23,30-39,male,Other,CH
CU2446,2022-12-18,30-39,female,Lucerne,CH
CU2366,2019-12-28,30-39,male,Zurich,CH
CU0976,2020-03-14,50-59,female,Zurich,CH
CU0397,2023-03-25,50-59,male,Zurich,CH
CU1270,2021-04-23,60+,male,Zurich,CH
CU0749,2021-07-30,60+,male,Zurich,CH
CU0779,2021-08-20,60+,male,Bern,CH
CU2112,2023-01-17,60+,male,Zurich,CH
CU1569,2023-06-01,60+,female,Zurich,CH
CU0343,2023-12-13,60+,female,Zurich,CH
CU0606,2024-06-19,60+,male,Zurich,CH
CU1504,2025-04-13,40-49,male,Zurich,CH
